% Model,2D_turn_chemÄ±ical_reaction.mph
% Version,COMSOL 6.3.0.290
% Date,"May 25 2025, 16:11"
% Dimension,2
% Nodes,580
% Expressions,1
% Description,Surface
% x,y,Molar concentration; cCH3COOH
2.9999999999999997E-5,1.3969587898203747E-6,1.2360000806064124
2.89904774573547E-5,1.0034510725637385E-6,1.5243171003101899
3.0E-5,-4.2351647362715E-22,1.6529688456978535
2.8459669706593597E-5,0,1.6887324226921325
2.8861802727237688E-5,2.1833198232437697E-6,0.7326192118973675
2.9999999999999997E-5,2.8307737523110946E-6,0.3977824649124084
2.7639747885786532E-5,1.2495243667665442E-6,1.4111750914917602
2.6878983806304535E-5,0,1.7022514663031003
2.8864430160409832E-5,3.6058063412562405E-6,0.17967138992507303
2.9999999999999997E-5,4.2646190018488765E-6,0.12300992511567492
2.7724452585681972E-5,2.9927679306227482E-6,0.3094235603593511
2.587687110597816E-5,1.2156947498019094E-6,1.5308126113075307
2.5297867111816034E-5,0,1.703854064181246
2.6377617991609114E-5,2.548469314072322E-6,0.47160676837622867
2.8863462130674885E-5,5.015329285615197E-6,0.0834569794354668
2.9999999999999997E-5,5.698464251386655E-6,0.1583689236075046
2.7736863518864442E-5,4.348028253895754E-6,0.07662411834789294
2.6810432542828353E-5,3.728437727610881E-6,0.11254094058654632
2.8871187673914243E-5,6.4317464927255535E-6,0.2217573942425178
2.9999999999999997E-5,7.132309500924437E-6,0.485803492025849
2.439490866976349E-5,1.2320795182859438E-6,1.5772675012541661
2.3716750417327532E-5,0,1.693579334180218
2.5030542701587797E-5,2.449600421274617E-6,0.40795413726782753
2.569586636710373E-5,3.789877573303508E-6,0.06738114635904756
2.771740043858749E-5,5.74154933014118E-6,0.0871682154286257
2.6463011684695784E-5,5.000103933351969E-6,0.04318326183511168
2.7766998920007802E-5,7.186080405141809E-6,0.3771296457708276
2.8878570130052086E-5,7.816169327949046E-6,0.8009022052379858
2.9999999999999997E-5,8.566154750462216E-6,1.3873024090166564
2.8987013383840916E-5,8.9809180334824E-6,1.5891389918047338
3.0E-5,9.999999999999999E-6,1.6967050355210231
2.2868887562663382E-5,1.2453275281631308E-6,1.4328803246232715
2.213563372283903E-5,0,1.6647638343119002
2.357853269854594E-5,2.4818531691503714E-6,0.2876056116054471
2.4298227747735852E-5,3.7316233664844247E-6,0.05069217307924149
2.5017198648307515E-5,4.907455626091476E-6,0.03128574293199211
2.66028787033678E-5,6.468007610116801E-6,0.13701742621002846
2.5568736745663473E-5,5.951726400696988E-6,0.05385175718869082
2.66980492889451E-5,7.642887678622864E-6,0.5780900556266765
2.765712493780994E-5,8.67365344133014E-6,1.4564618678330539
2.842105263157894E-5,9.999999999999997E-6,1.7001830353850067
2.1320000689168597E-5,1.2561769786753485E-6,1.156739639921322
2.0554517028350526E-5,0,1.5746910035164727
2.206663506688321E-5,2.4984144725726397E-6,0.21475014187457162
2.2811994442641893E-5,3.7340737081214733E-6,0.034437678780815585
2.35727441190531E-5,4.9536966760380546E-6,0.021159592304379613
2.438562033208495E-5,6.165954983724141E-6,0.04366955147462687
2.5380759042210092E-5,7.298005993170318E-6,0.2800585352440663
2.6058224134196944E-5,8.721553050522264E-6,1.5762550758592921
2.684210526315789E-5,9.999999999999997E-6,1.7118185800568362
1.9747234279652304E-5,1.2524723098845907E-6,0.9097434301097885
1.8973400333862024E-5,0,1.4392650258094106
2.051772542256248E-5,2.502311589448478E-6,0.15891199887777382
2.128015002810566E-5,3.741630953445038E-6,0.023618015707073798
2.20556880992051E-5,4.976031251663264E-6,0.013965621132100975
2.2867735444343266E-5,6.20704112014355E-6,0.030471461320413232
2.3719047178277616E-5,7.466459603148028E-6,0.27462378508471347
2.450814837832179E-5,8.714771190010268E-6,1.5368431051502436
2.526315789473684E-5,9.999999999999997E-6,1.6807346298302004
1.8168046715832703E-5,1.2510408360390947E-6,0.6857895258742702
1.7392283639373523E-5,0,1.274333487678946
1.8946166744237695E-5,2.5016135751673315E-6,0.11317179259730499
1.9724058302797634E-5,3.7485717821091744E-6,0.015378522181338295
2.0503537700445082E-5,4.989235130359383E-6,0.008686109122223356
2.1297888601138536E-5,6.230449346542563E-6,0.0213874722634666
2.2107835530869803E-5,7.476812264457948E-6,0.20413559306839738
2.290704672385848E-5,8.733126080157944E-6,1.4311615265482522
2.3684210526315787E-5,9.999999999999997E-6,1.6657851593299215
1.6587046068153895E-5,1.2506983316997514E-6,0.49405462202097544
1.5811166944885025E-5,0,1.0755449705716473
1.7366542011354543E-5,2.5020013850090787E-6,0.07706206178653184
1.8152039612143743E-5,3.7513374276582237E-6,0.009401731002952109
1.8936548823038505E-5,4.9965309379850504E-6,0.004960911076801515
1.9726422791366753E-5,6.241833058434085E-6,0.014404499836525765
2.0523975599433287E-5,7.489764544905628E-6,0.15464851957026074
2.1317756108491413E-5,8.74088702173643E-6,1.1637361026831672
2.2105263157894736E-5,9.999999999999997E-6,1.6506619790658583
1.5006783875166549E-5,1.2513492687933221E-6,0.3384214711860291
1.4230050250396523E-5,0,0.8399861213083272
1.5785651503261366E-5,2.5019734068894755E-6,0.049512808617080184
1.6573433232220882E-5,3.7517586108524267E-6,0.0052991336385552
1.7361516187771805E-5,5.000172934428714E-6,0.0025068102795563294
1.8150926766625757E-5,6.2472509605020325E-6,0.009044542075192117
1.894354616015347E-5,7.495513071779102E-6,0.11184576605801512
1.9735954682139735E-5,8.745687461298259E-6,0.9144840605782382
2.0526315789473682E-5,9.999999999999997E-6,1.574928985421532
1.3425919275544378E-5,1.2520204433085681E-6,0.21613947542996562
1.264893355590802E-5,0,0.5949665037257502
1.4205213028220725E-5,2.5029806219040784E-6,0.02911897499786383
1.4992331230792494E-5,3.7524750551892482E-6,0.002616544802425116
1.5782099650797927E-5,5.001395363015052E-6,0.0010277426133241832
1.6572526727988662E-5,6.2500862812686104E-6,0.005146927066655962
1.7364111514155767E-5,7.498200253266309E-6,0.07687667245276163
1.8156139321101765E-5,8.747970478769013E-6,0.6909712692022724
1.8947368421052628E-5,9.999999999999997E-6,1.4442075470035347
1.184472857599396E-5,1.2529220645775298E-6,0.12512462352155815
1.1067816861419519E-5,0,0.3728185934063741
1.262434277570974E-5,2.5039340846968593E-6,0.01518916331191372
1.3411750940689955E-5,3.753031585983866E-6,0.0010470570875789774
1.420282485235539E-5,5.001600407893789E-6,2.6483000140864503E-4
1.4992088305772655E-5,6.250199088042023E-6,0.0025105522566742492
1.5784422937152287E-5,7.499200934277727E-6,0.04958808321217966
1.6576619387793478E-5,8.74892623102084E-6,0.4990468120178147
1.7368421052631577E-5,9.999999999999997E-6,1.2812302931581088
1.0263459981569605E-5,1.2550996889905193E-6,0.06460896612250865
9.486700166931017E-6,0,0.20275383528526544
1.104358260610993E-5,2.505691899747967E-6,0.006833153667202525
1.1832478474833682E-5,3.7542459192539615E-6,2.876641446852448E-4
1.2624747384004628E-5,5.0023286899446126E-6,-3.0868329713755054E-5
1.3413985159594244E-5,6.250130330889668E-6,9.472724635818244E-4
1.4204820949441336E-5,7.4990940854127096E-6,0.029194136477116408
1.499710740738917E-5,8.749144129358663E-6,0.3428711543616893
1.5789473684210526E-5,9.999999999999997E-6,1.0840523006663516
8.679459388029234E-6,1.2607833576328784E-6,0.029149405637772862
7.905583472442512E-6,0,0.09535638781511717
9.463414174157221E-6,2.510708512793229E-6,0.002553031509261823
1.025516787140118E-5,3.7578580247722444E-6,1.1672493304401435E-5
1.1050154191392303E-5,5.004369205037332E-6,-7.665589446820437E-5
1.1838518443939962E-5,6.25049014364125E-6,2.0257619073349483E-4
1.2626914083636532E-5,7.498579747607994E-6,0.015158831884373952
1.3417946432013722E-5,8.748788036861026E-6,0.21971203014627036
1.4210526315789473E-5,9.999999999999997E-6,0.8495319235857121
7.081395139125353E-6,1.2553080580682345E-6,0.011345586743428336
6.324466777954008E-6,0,0.03801505092246117
5.473345923887877E-6,1.2670315854425167E-6,0.003408627847859127
4.743350083465507E-6,0,0.012500156353389585
3.945150191091976E-6,1.2611753422287603E-6,9.641762603828644E-4
3.1622333889770025E-6,0,0.0030849732245949637
7.875319243290166E-6,2.520093238033052E-6,7.78016047475371E-4
8.679929661276693E-6,3.7691563521318016E-6,-3.3076400525254455E-5
9.482740694334156E-6,5.00980265287787E-6,-4.566390184164496E-5
1.0269274483748006E-5,6.251884925765459E-6,-4.566616873699734E-5
1.1053144997924086E-5,7.498279637520126E-6,0.006730051710410234
1.1840272289728322E-5,8.748163397013977E-6,0.1276651136684848
1.263157894736842E-5,9.999999999999999E-6,0.604615117403749
9.955317099884474E-7,1.0149181931972116E-6,-1.4025605378368432E-5
0,0,-3.8089314562E-312
1.5811166944885046E-6,0,6.428239796459217E-4
2.3278236492072902E-6,1.3327117863707732E-6,6.309098930796905E-5
6.249196418893887E-6,2.5208349721986765E-6,2.294680180720751E-4
3.303371027633693E-6,2.350107528382436E-6,-2.824223731015791E-5
4.6208509797081935E-6,2.6843810884129625E-6,-3.55708954431041E-5
7.120234172380371E-6,3.811652520261522E-6,-3.467804458540468E-5
7.933313360190605E-6,5.022752938570434E-6,-2.4935490242322955E-5
8.711051267900171E-6,6.2536023271980255E-6,-6.675270869698284E-5
9.48633208161426E-6,7.497654790881336E-6,0.0024473806574275042
1.026552909135076E-5,8.747284195188232E-6,0.06625880432455516
1.1052631578947368E-5,9.999999999999997E-6,0.3814381155271869
1.095755636445243E-6,2.209442450695627E-6,-4.279287802296664E-6
0,1.4285714285714282E-6,-3.808931456146E-312
2.2362692024689716E-6,2.813030960004638E-6,-6.365990109684851E-6
5.621949461322833E-6,3.8146627892697767E-6,-3.875163549996018E-5
3.398485406748103E-6,3.521676269661719E-6,-5.890568225555603E-6
4.438480083192263E-6,4.028964332485267E-6,-9.590768345542304E-6
6.426114329095294E-6,5.036493459862122E-6,-1.2984841832003688E-5
7.1818116099617115E-6,6.2567057180146735E-6,-3.3920490106718414E-5
7.928445336575203E-6,7.492434568721559E-6,6.514493270507532E-4
8.695697636361141E-6,8.745516661901003E-6,0.03026355462230806
9.473684210526319E-6,9.999999999999999E-6,0.20902356605459504
1.117506968575833E-6,3.5638525327909853E-6,-4.4781891985685984E-7
0,2.8571428571428564E-6,-3.808931456146E-312
2.2676814382848213E-6,4.2463541071043386E-6,-5.961013440712448E-7
4.997132053339022E-6,5.057621784227307E-6,-3.058055939850157E-6
3.5365080890232675E-6,4.991919843949103E-6,-3.4761780145125246E-7
5.703387722213961E-6,6.256233471382008E-6,-1.4439598955723222E-5
6.398495742395004E-6,7.48533509102983E-6,1.1095793079944149E-4
7.129067460074537E-6,8.73823160393947E-6,0.011776732783775326
7.894736842105265E-6,9.999999999999997E-6,0.09863256198706334
1.1053355342559619E-6,4.971430536084166E-6,-4.7032540271738586E-8
0,4.285714285714284E-6,-3.808931456146E-312
2.207220070079403E-6,5.601273396169579E-6,-2.7946081637377826E-7
4.307356560154263E-6,6.235864499819498E-6,-1.2627283391101938E-5
3.159220403442122E-6,6.239974543372417E-6,-5.4263450140410346E-6
4.931351367886147E-6,7.476466672794003E-6,2.6859523021959277E-5
5.584058649826785E-6,8.73669167299731E-6,0.003741164500164481
6.315789473684211E-6,9.999999999999997E-6,0.03994388557991399
1.1091776651487986E-6,6.374828655501723E-6,-6.015682177617487E-7
0,5.714285714285713E-6,-3.808931456146E-312
2.2319479676346126E-6,6.977042222578129E-6,-7.658786396610464E-6
3.5178158827185345E-6,7.392531186326113E-6,-1.842942167680716E-5
4.078175485493478E-6,8.752054104199475E-6,9.8413835319479E-4
4.736842105263159E-6,9.999999999999997E-6,0.013186382601054722
1.1277008644319557E-6,7.784198796589176E-6,-2.6759350097078446E-6
0,7.142857142857141E-6,-3.808931456146E-312
2.400345049272876E-6,8.673491481716747E-6,1.0109556770344963E-4
3.1578947368421056E-6,9.999999999999999E-6,0.003216381545821686
1.0247345045354471E-6,8.965544705452747E-6,-9.052338315515274E-6
0,8.571428571428566E-6,-3.808931456146E-312
1.5789473684210528E-6,9.999999999999996E-6,6.529811880031697E-4
0,9.999999999999999E-6,-3.8089314562E-312
4.250408081448239E-5,2.3047474382653107E-6,0.9409799803482148
4.2614660049355655E-5,1.2830773752311115E-6,1.1071091318783925
4.3856406460551016E-5,1.9999999999999995E-6,0.6414448505731242
4.136491091668449E-5,1.7850730304740944E-6,1.1719735436658019
4.13729136381603E-5,5.661547504622217E-7,1.1262100657963932
4.1651185532967467E-5,3.174712576031484E-6,1.0399001504963008
4.30332411128533E-5,3.2808742095898646E-6,0.6802637925783044
4.018015426098487E-5,2.8467501887584652E-6,1.173651460077305
4.013116722696495E-5,-1.507678743066679E-7,0.7192427336603866
4.0106728437340665E-5,1.2608922929536736E-6,0.888242442350541
3.6581489951645154E-5,-9.295422055965786E-7,0.8426094182814577
3.640595422273105E-5,-2.3015206050898062E-6,1.4021225600596845
3.764767440457424E-5,-1.5846131238444473E-6,0.7575425472064548
3.88894208157696E-5,-8.676904990755575E-7,0.5773786610134797
3.882910152510368E-5,5.732670458931077E-7,0.5318224727056001
3.760767663614503E-5,-1.9730722686122512E-7,0.5318584267974203
3.908082837872182E-5,3.3510908429215367E-6,1.0480261051739126
3.967663660656604E-5,4.0014663515473766E-6,1.2175437744588071
4.0746376934168664E-5,4.162459900450696E-6,1.121866212619793
4.2091995045658467E-5,4.477769601197143E-6,0.7408494730905172
3.5480424341538727E-5,-1.5642475535799677E-6,1.5048119896389955
3.55984844723421E-5,-5.574785207840556E-7,1.0773599061830519
3.519615242270663E-5,-2.9999999999999997E-6,1.5954812881025386
3.875015742792942E-5,2.1783299453903336E-6,0.6368310478325848
3.8205231061475344E-5,3.3062124467177573E-6,0.7197067564469726
3.62374181048254E-5,3.865132372674622E-7,0.5493892235310528
3.512218582459784E-5,1.2587364446232814E-7,0.9787836925140991
3.7487810280827564E-5,1.2392779368066722E-6,0.4156256371286297
3.8591962536653426E-5,4.422695282193749E-6,1.2167532710313456
3.978436446355311E-5,5.082703058747733E-6,1.1663594042920964
4.1041281721204235E-5,5.579727887692405E-6,0.8232455970967973
3.456936283771548E-5,-6.949640007855564E-7,1.4168267888618333
3.4242645636488474E-5,-1.7573642622556833E-6,1.5940650361367386
3.4102166159966326E-5,3.6851309393517367E-7,1.1768222291352275
3.73101302501518E-5,2.5939234566772014E-6,0.41282521809966183
3.731613153472403E-5,3.984769773816516E-6,0.6454101919552467
3.5133307463538533E-5,1.131871622992873E-6,0.4962156378063725
3.6137633543760445E-5,1.9013145263464802E-6,0.3593817442019817
3.745009524646746E-5,5.3075750862697786E-6,1.2045040935187854
3.863045802055372E-5,5.925049439044765E-6,1.2308841095928111
3.9890549860239845E-5,6.576844733958891E-6,0.8954794401664191
3.299999999999832E-5,-8.038475772924026E-7,1.6086359502207326
3.383479953136819E-5,1.4054280005007697E-6,0.6134420052880457
3.273595496142994E-5,5.6612061490639E-7,1.4243451078363982
3.596605545371096E-5,3.5416775407547662E-6,0.3257929153326617
3.650217286339116E-5,4.831871775668015E-6,0.6746197258951799
3.46910797095084E-5,2.514623363579906E-6,0.3143810860624044
3.629555626766996E-5,5.942232986607602E-6,1.1656760717243506
3.7415585092323685E-5,6.7004224684087154E-6,1.2670972547526211
3.865025372806068E-5,7.460056108358987E-6,0.9992335176227064
3.155290750964971E-5,-2.0444323067459524E-7,1.594807032037755
3.344182589235076E-5,2.3954964082352925E-6,0.3917500028836469
3.2514083731528446E-5,1.7262331642152284E-6,0.7139424960634111
3.1322034392568494E-5,9.332651503573592E-7,1.4303330345511525
3.464133093973318E-5,3.840408613819372E-6,0.26283388629300736
3.5228864471631325E-5,4.987595930398948E-6,0.4337169056444678
3.366548310603809E-5,3.403623160905514E-6,0.23485616659145273
3.504320109298973E-5,6.479174370017434E-6,1.045561656235967
3.613552362901783E-5,7.346253658310058E-6,1.2908863280700114
3.733162366217245E-5,8.221367531861094E-6,1.1051567613790245
3.250368338331067E-5,2.9275743519750463E-6,0.2951414080553892
3.126667721711107E-5,2.231737938316316E-6,0.5979244304676677
3.380675746939859E-5,4.6710070243572115E-6,0.24953408178936873
3.4087548644142556E-5,5.818238533522207E-6,0.4783584820065664
3.250590588292296E-5,4.2040452091022884E-6,0.18531262230747061
3.369982005215439E-5,6.926297095986713E-6,0.9468283252732402
3.4786553488628975E-5,7.879853137178348E-6,1.3309716873563378
3.594659210894102E-5,8.853889803343782E-6,1.2198982494307888
3.126026179525887E-5,3.5756224212187916E-6,0.20727068854642358
3.2711411771923375E-5,5.7721306983949405E-6,0.28378729217880116
3.128534056192198E-5,4.995027178456316E-6,0.15700477262282456
3.236084632821161E-5,7.336858935147344E-6,0.8906517002884001
3.341057483029751E-5,8.310656151013258E-6,1.3800087477749239
3.450769765905063E-5,9.35189440474984E-6,1.3363921109519061
3.123495696709519E-5,6.458393614860478E-6,0.3349549754819816
3.104795068182607E-5,7.86022782496745E-6,1.0267164500460135
3.2060363665973144E-5,8.693448225661227E-6,1.454529579040674
3.302801712680784E-5,9.710859692574379E-6,1.4522248831779931
3.0925833325241046E-5,9.009477160652912E-6,1.5385486034530587
3.1520852278406E-5,9.927555002173664E-6,1.5724256505098142
5.519848082806596E-5,-2.479195657842705E-5,0.10484754254592472
5.514486901576057E-5,-2.6123619256390297E-5,0.08989566181954715
5.6382048164024055E-5,-2.5409333542104584E-5,0.004748595385588698
5.39756005022636E-5,-2.5483602977238293E-5,0.254879562212225
5.390768986749709E-5,-2.6837904970676014E-5,0.1512615787629088
5.635281057028103E-5,-2.4143358543631097E-5,0.008806858947188148
5.7619227312287535E-5,-2.469504782781887E-5,-4.317497514929374E-4
5.8856406460551015E-5,-2.3980762113533154E-5,0
5.746386745648222E-5,-2.3614940327435073E-5,2.652879682525304E-4
5.530084257650878E-5,-2.346152655770723E-5,0.09152221050403908
5.806693277634049E-5,-2.261335358124193E-5,1.3184769669080312E-4
5.402792733283549E-5,-2.4130556506193952E-5,0.3552466574412581
5.283895514658437E-5,-2.4845597905990628E-5,0.4151572852010867
5.27661858663526E-5,-2.618613251602662E-5,0.19887444214792827
5.267051071923361E-5,-2.7552190684961727E-5,0.07331419789964827
5.651280858155505E-5,-2.258384967869184E-5,0.007827082514398643
5.410506098820711E-5,-2.279268656190281E-5,0.371699043349796
5.515874455504665E-5,-2.2278181722155762E-5,0.10300286629870252
5.727745909212996E-5,-2.1245945048950717E-5,0.00197717964164623
5.2748623955383126E-5,-2.34079684558977E-5,0.7178841238838112
5.314065492485298E-5,-2.2132204256227604E-5,0.7680966422000935
5.182373878357638E-5,-2.4374254934375247E-5,0.46510606279940525
5.166562570651283E-5,-2.550999545761869E-5,0.17089663124629115
5.15387332560241E-5,-2.6887503099674414E-5,0.045831822788621385
5.143333157097012E-5,-2.826647639924744E-5,0.007933100016346761
5.057733709767136E-5,-2.7575592678971906E-5,0.0035670396985139157
5.019615242270663E-5,-2.8980762113533154E-5,5.898650851525343E-4
5.576949592273684E-5,-2.1192954372371177E-5,0.01909251096776735
5.4203252079583596E-5,-2.1302688355048197E-5,0.26241385926229993
5.648798540791944E-5,-1.9878536516659498E-5,0.006443278691768711
5.2696620899266184E-5,-2.0991728369206646E-5,1.0278652373029618
5.1949716701824875E-5,-2.216594953908267E-5,1.208228660195763
5.128099324625313E-5,-2.3365408970743122E-5,0.7291254137617713
5.0665078439982927E-5,-2.4630645103435565E-5,0.1660406680285759
5.0119408714739135E-5,-2.6234630840216395E-5,0.01869590741338262
4.940559407546247E-5,-2.761147488975857E-5,0.0015096685046795302
5.497884026883998E-5,-1.9871391965453194E-5,0.040157793604860076
5.350453135763982E-5,-1.985094807714177E-5,0.4082341038057984
5.569851172370891E-5,-1.851112798436828E-5,0.015362174799183054
5.199490824280782E-5,-1.969925464468018E-5,1.47576057442284
5.126384159696929E-5,-2.092184727252555E-5,1.8022001901914282
5.056844950993392E-5,-2.2166454396810954E-5,1.142884670862892
4.989518608497886E-5,-2.345290631045943E-5,0.29732895601728515
4.920551810383722E-5,-2.4846674107200503E-5,0.023572517209562615
4.86150357282183E-5,-2.6242187665983983E-5,0.005599075150749442
5.420926533795568E-5,-1.8492096592845608E-5,0.057932758087629925
5.2737799325300956E-5,-1.846104356616791E-5,0.6197856219978223
5.490903803949838E-5,-1.714371945207706E-5,0.024970871664026378
5.123619657591388E-5,-1.8353806490260203E-5,2.063132768683697
5.05293497447701E-5,-1.96158038401626E-5,2.4759018852195074
4.984150967091841E-5,-2.089101738738039E-5,1.7757840423404605
4.9163404341672385E-5,-2.2193931096468226E-5,0.5325616924876792
4.848725679044485E-5,-2.3514109569571524E-5,0.04908225498367972
4.782447738097412E-5,-2.4872900442209393E-5,0.008657489405150619
5.3426871312745986E-5,-1.7114348511865464E-5,0.08722314471754983
5.1943481479426215E-5,-1.706745902470268E-5,0.8791311537895453
5.411956435528786E-5,-1.5776310919785845E-5,0.04051646233024743
5.0461651149061425E-5,-1.6982571138499353E-5,2.6454062926613777
4.9764518633629546E-5,-1.8270774767750006E-5,3.063174469642158
4.907512374838169E-5,-1.955812247837926E-5,2.4929747786609613
4.8393920638335155E-5,-2.0857233494343716E-5,0.864960752856469
4.7714954854109224E-5,-2.2172760598763256E-5,0.08573657953150114
4.7033919033729945E-5,-2.3503613218434807E-5,0.01866350352538791
5.263757574328634E-5,-1.5735449511316652E-5,0.11958308757659895
5.115701392445415E-5,-1.5684963288168708E-5,1.123806181984625
5.333009067107733E-5,-1.4408902387494621E-5,0.059679683740083346
4.9678499521425736E-5,-1.5609558163636742E-5,3.005514794845691
4.898663072514139E-5,-1.690870083784398E-5,3.380315234491874
4.8297049901522E-5,-1.8205293568738244E-5,3.0760541516699225
4.7612015230999924E-5,-1.9505670612695465E-5,1.2878582616399574
4.692825637795528E-5,-2.0814799603997985E-5,0.14046813886920376
4.6243360686485776E-5,-2.213432599466022E-5,0.035679860243108874
5.184882670576984E-5,-1.436019142102503E-5,0.15455488293718456
5.036891269366389E-5,-1.4302057841218084E-5,1.4294551238869693
5.2540616986866805E-5,-1.3041493855203405E-5,0.08323281575779964
4.889134959652208E-5,-1.4237767064006249E-5,3.0697142318965187
4.82026150871851E-5,-1.5541072084999112E-5,3.4470245914032316
4.7514373083795885E-5,-1.684281831588765E-5,3.338179293906356
4.682689581064672E-5,-1.8145505152802292E-5,1.8830002222678701
4.6139760620987635E-5,-1.9452249163023946E-5,0.22531938843952307
4.54528023392416E-5,-2.0765038770885633E-5,0.06342510234727688
5.1059569018561064E-5,-1.2987460502241287E-5,0.20388906853858044
4.9580246836635377E-5,-1.2928125246850967E-5,1.8255764085767374
5.175114330265628E-5,-1.1674085322912185E-5,0.114115883069464
4.810321621258037E-5,-1.2865520208498672E-5,2.9920145718497917
4.741544879332856E-5,-1.417162279029834E-5,3.3612492323665646
4.672772360058892E-5,-1.547591307880368E-5,3.3742647697175383
4.6040071506236146E-5,-1.6780309991849574E-5,2.480574048236354
4.5351967455894205E-5,-1.8086575441599843E-5,0.3440160470315156
4.4662243991997424E-5,-1.9395751547111046E-5,0.10687000185810451
5.027001507539906E-5,-1.1617414716117986E-5,0.26484021245228867
4.8791369029911705E-5,-1.1557653401969706E-5,2.1756551988396065
5.096166961844575E-5,-1.0306676790620968E-5,0.15104359053496608
4.731544302152783E-5,-1.1496271935075367E-5,2.838183840755835
4.662748030373573E-5,-1.2802186136903766E-5,3.125981270262606
4.593911674713263E-5,-1.410731780824911E-5,3.264790589201905
4.5250909621186E-5,-1.541255537775992E-5,2.8023657254528316
4.456189979551917E-5,-1.6718750965103224E-5,0.46261727944431213
4.3871685644753254E-5,-1.802646432333646E-5,0.16726675527868537
4.9480890424109385E-5,-1.0248894853506283E-5,0.3323130033174296
4.800375987014927E-5,-1.0189799098539545E-5,2.3173090310961837
5.017219593423523E-5,-8.93926825832975E-6,0.1956260631320844
4.652993000002942E-5,-1.0129968172442139E-5,2.5749155929599152
4.5840682266705414E-5,-1.1434050896690258E-5,2.738906880091788
4.515065269767944E-5,-1.2738403092665194E-5,2.9291320171783286
4.446128871906947E-5,-1.4043713106239585E-5,2.7619754379520027
4.377164848783455E-5,-1.534996940093072E-5,0.6218282706144932
4.308112729750907E-5,-1.665717709956187E-5,0.24323189776639054
4.869287023840668E-5,-8.882102835036853E-6,0.4242830841451566
4.721836557202388E-5,-8.825613460605186E-6,2.226523642326629
4.9382722250024696E-5,-7.57185972603853E-6,0.2557981697196921
4.574843487248343E-5,-8.768447475999696E-6,2.2458537277396604
4.505703424322588E-5,-1.0067934480433473E-5,2.2603318380543205
4.43641104904414E-5,-1.1369774111403613E-5,2.431326186090942
4.367249062934978E-5,-1.267442118517763E-5,2.5138369652591455
4.298159249302522E-5,-1.3980735875345742E-5,0.8811344787490932
4.22905689502649E-5,-1.528788987578728E-5,0.3459605905647243
4.790513262985566E-5,-7.518135932222014E-6,0.5684699938180778
4.6435985988153826E-5,-7.468124753760781E-6,2.0605240174371224
4.859324856581417E-5,-6.204451193747313E-6,0.33454432631680264
4.497310234804241E-5,-7.416168890346362E-6,1.9774961423162345
4.427921299345635E-5,-8.704840390724731E-6,1.8252949011767257
4.358094196697143E-5,-1.0001036472234375E-5,1.9505239267031256
4.2885297328745704E-5,-1.1304515391011485E-5,2.1911620071532347
4.219211020960217E-5,-1.2611063317802919E-5,1.1788728259299674
4.150001060302073E-5,-1.3918602652012694E-5,0.4834740778750348
4.711877536379894E-5,-6.159684228528597E-6,0.7876754233978117
4.565543212244661E-5,-6.1227273762145094E-6,1.8863024307363823
4.780377488160365E-5,-4.8370426614560934E-6,0.4391267166071284
4.42086832379487E-5,-6.088795006790628E-6,1.7388895079132871
4.351207747905827E-5,-7.344909610163876E-6,1.4845644324321372
4.2804849266990004E-5,-8.631254669186243E-6,1.5835667201652976
4.209952624353277E-5,-9.932151888675993E-6,1.8658992595092918
4.140318206767197E-5,-1.1240296561204102E-5,1.403884699396709
4.070945225577655E-5,-1.2549315428238106E-5,0.6411557492919892
4.633142607667371E-5,-4.8109879493715675E-6,1.0480721337060315
4.4884514793037116E-5,-4.804793776828925E-6,1.704949295334486
4.346540922396436E-5,-4.814579194118277E-6,1.4782212458331652
4.7014301197393125E-5,-3.4696341291648744E-6,0.559757712335673
4.276156346114343E-5,-6.029591193071821E-6,1.2161831632214948
4.2052498345256076E-5,-7.261274858652054E-6,1.316893493939583
4.131042151194042E-5,-8.553504631343864E-6,1.6260752087977857
4.061296933393017E-5,-9.865555529565762E-6,1.5165003111944044
3.991889390853238E-5,-1.1180028204463523E-5,0.8056587624743455
4.556121063884942E-5,-3.479202324281267E-6,1.2211890613854441
4.414034462392697E-5,-3.5507934351900263E-6,1.5149453983160468
4.2061850420374335E-5,-4.794931411059698E-6,1.0312993049917296
4.2735882653318365E-5,-3.61882812183715E-6,1.2578009285432143
4.6224827513182594E-5,-2.1022255968736553E-6,0.6633839618083625
4.1279957672886145E-5,-5.940871044223739E-6,1.1091910891773813
4.0868021422468165E-5,-4.8277758959271725E-6,0.9617842278787144
4.049362277598392E-5,-7.162034553302151E-6,1.4720882286139305
3.981789887247779E-5,-8.487221646586493E-6,1.549012985753824
3.912833556128821E-5,-9.810740980688936E-6,0.9887141273276049
4.481925397463012E-5,-2.1841702850943763E-6,1.2753074698193059
4.337603568986677E-5,-2.4033738050687133E-6,1.3587397373497971
4.216800490917863E-5,-2.6174500199259374E-6,1.1148312601660926
4.126761950627818E-5,-3.5656301905863635E-6,0.8844976782397821
4.543535382897207E-5,-7.348170645824366E-7,0.6931387684117766
3.9923237338797064E-5,-4.18025132991779E-6,0.9234015157927908
3.980744217400507E-5,-5.6571955038482655E-6,1.2778307305939547
3.9023448474527116E-5,-7.096953366072208E-6,1.537047616313689
3.8337777214044034E-5,-8.441453756914349E-6,1.1785503819719776
4.388591004277798E-5,-6.89630112548076E-7,1.239516808435747
4.233759071470962E-5,-1.489061872741644E-6,1.2165688899287612
4.116700458097193E-5,-2.1551201332690774E-6,0.8573568442384457
3.9987698773380456E-5,-2.86247453958002E-6,0.778442333958978
4.464588014476154E-5,6.325914677087821E-7,0.6477272666067729
4.347913259278161E-5,6.117731043299958E-7,1.0410897559027859
3.871371969967764E-5,-3.5549700758988674E-6,0.9702428379059477
3.883306648012703E-5,-4.6992560186600025E-6,1.2406167060296354
3.82359967792076E-5,-5.777434490441073E-6,1.5252267607540546
3.754721886679986E-5,-7.072166533139764E-6,1.3758061990498691
4.249115146372037E-5,-8.697019850633138E-8,1.1972638520029142
4.125674934315176E-5,-8.040986874455033E-7,0.9815052372759282
4.004067636748581E-5,-1.5088208382571707E-6,0.6864046210859979
3.881201746467616E-5,-2.2127732958661996E-6,0.7275599422825342
3.759988674645823E-5,-2.894825260214542E-6,1.1291526404663632
3.747450539310298E-5,-4.355668456731952E-6,1.5281331390242887
3.675666051955569E-5,-5.702879309365172E-6,1.5382402749623765
3.654544929398726E-5,-3.35940600385598E-6,1.5635676420414597
3.596631756941039E-5,-4.333965164309649E-6,1.5997433726508377
6.750337731012822E-5,-4.095904073227836E-5,-4.114795759698434E-10
6.761922731228754E-5,-4.2015555903507644E-5,3.5308396896590247E-10
6.885640646055101E-5,-4.1301270189221924E-5,3.164080017720212E-10
6.810640646055101E-5,-4.000223208354527E-5,-9.401456324609187E-10
6.637551763366526E-5,-4.151279656744006E-5,2.4093823950693262E-9
6.638204816402404E-5,-4.272984161779335E-5,-2.572255149707473E-9
6.655932868358618E-5,-3.9963348917676907E-5,6.36393622023572E-10
6.515826805025212E-5,-4.207245564611313E-5,-1.1268628891300804E-8
6.514486901576055E-5,-4.344412733207907E-5,1.1505177366658205E-8
6.7356406460551E-5,-3.8703193977868604E-5,2.67008124482736E-9
6.591229944098693E-5,-3.8561538083549545E-5,-1.0134904040683264E-8
6.513475632497681E-5,-4.07080008864347E-5,-1.2645730910914817E-8
6.520785387649717E-5,-3.9487182870617015E-5,1.8279030950911262E-8
6.394171861479551E-5,-4.129824351934173E-5,1.0797458804162152E-7
6.394315698027719E-5,-4.271882171501501E-5,2.5725403955204847E-7
6.390768986749708E-5,-4.415841304636478E-5,2.366444100410749E-7
6.274208458486157E-5,-4.3390987129142536E-5,9.563100712874547E-7
6.26705107192336E-5,-4.48726987606505E-5,2.2279523620099537E-7
6.660640646055101E-5,-3.740415587219195E-5,7.469328486655179E-9
6.519382575458328E-5,-3.7325590307919366E-5,-2.383244516766453E-8
6.454655810089567E-5,-3.8468361996521895E-5,8.106841979965405E-8
6.389318292735177E-5,-3.973490451436103E-5,-1.537384277676111E-7
6.276070446149789E-5,-4.061514076859389E-5,1.732035431794856E-6
6.276431174849629E-5,-4.19487036170488E-5,1.8483150623828442E-6
6.181623163854682E-5,-4.260847905703188E-5,2.6540583101694573E-6
6.143333157097012E-5,-4.558698447493621E-5,-1.0550179558291756E-8
6.135060470685135E-5,-4.403880249973475E-5,2.5837514643219584E-7
6.047426537631528E-5,-4.493199514556442E-5,-3.544840293671599E-8
6.0196152422706636E-5,-4.6301270189221924E-5,-5.4753317163739816E-9
6.585640646055101E-5,-3.610511776651529E-5,1.5323431923165277E-8
6.44255919664752E-5,-3.605848866724267E-5,-4.8593456182209436E-8
6.377060854516815E-5,-3.72968264067472E-5,1.482808035708487E-7
6.313296974273439E-5,-3.849556490279648E-5,-8.318002012350391E-7
6.265436508490419E-5,-3.950313414877108E-5,2.3463226369603086E-6
6.184352407317266E-5,-3.999481285306134E-5,8.166281013295878E-6
6.14671243202669E-5,-4.1211045958979334E-5,8.987330697132261E-6
6.0603248834265864E-5,-4.257931158415659E-5,9.254674556034027E-7
5.996431652757241E-5,-4.376399514976028E-5,-7.32977531679516E-8
5.942692165347586E-5,-4.496892341416894E-5,-3.83706826348106E-9
6.510640646055102E-5,-3.4806079660838634E-5,3.039150312634111E-8
6.365797187507321E-5,-3.477125234263009E-5,-1.1297136666209433E-7
6.297130620465495E-5,-3.603648829657322E-5,3.096122005507058E-7
6.229967193012101E-5,-3.730710989884382E-5,-1.4040023781535274E-6
6.163523487794458E-5,-3.872816461029957E-5,1.2410680810858152E-5
6.070025250045139E-5,-3.99167721281451E-5,3.0427770016885237E-5
5.9969931846840205E-5,-4.120562343770693E-5,4.944326580127452E-6
5.927317210462342E-5,-4.242836576269989E-5,-1.0108978409952593E-7
5.865769088424509E-5,-4.363657663911595E-5,-2.054168162993472E-8
6.435640646055101E-5,-3.350704155516198E-5,1.1671314574230895E-7
6.289495333133305E-5,-3.347148296248035E-5,-2.3697519227067594E-7
6.219006802907079E-5,-3.473519260159124E-5,7.048798776057242E-7
6.149062132676782E-5,-3.600946142230069E-5,-3.2928854935220404E-6
6.078533896208358E-5,-3.7300188258187595E-5,4.1662757444356655E-5
6.003068511157279E-5,-3.857968411923242E-5,8.50358429743684E-5
5.92671318375383E-5,-3.9833619460378314E-5,1.7198212609698093E-5
5.85554063915142E-5,-4.1080478635790724E-5,2.46343270748103E-8
5.788846011501432E-5,-4.230422986406298E-5,-4.846449228828751E-8
6.360640646055101E-5,-3.220800344948531E-5,-4.511528850359834E-8
6.21356392211092E-5,-3.216824655024832E-5,-7.206785247084857E-7
6.141786750162513E-5,-3.342709554910436E-5,1.696006032301971E-6
6.070416181321573E-5,-3.4687684908040596E-5,-7.957692183993669E-6
5.999137761904569E-5,-3.5956982789137506E-5,1.2362219682748103E-4
5.926444290704969E-5,-3.721972670931154E-5,2.476328034168325E-4
5.853194871209159E-5,-3.8479744257951555E-5,5.844560932182381E-5
5.781486446690085E-5,-3.97396833547124E-5,1.2182312993358955E-6
5.7119229345783555E-5,-4.0971883089009996E-5,-2.1167714836979918E-7
6.285640646055102E-5,-3.090896534380866E-5,1.339485037346957E-6
6.138134217242641E-5,-3.0864441602501164E-5,-1.7412002039912549E-6
6.06505368060338E-5,-3.211776629639903E-5,3.858086406772596E-6
5.992611814012839E-5,-3.337092778682876E-5,-1.8917343377409875E-5
5.9207893484125286E-5,-3.462446300197294E-5,3.4276191374702116E-4
5.848904396139693E-5,-3.5877058174829214E-5,6.720362438662163E-4
5.776962665405891E-5,-3.713261667661378E-5,1.7611009333027013E-4
5.705579940646968E-5,-3.839158298093601E-5,5.9800826131121015E-6
5.6349998576552785E-5,-3.9639536313957015E-5,-6.862896499502267E-7
6.210640646055101E-5,-2.9609927238132E-5,-1.6434138327546727E-6
6.064388824039729E-5,-2.9563401563046498E-5,3.501071551102529E-6
5.98909083844272E-5,-3.081114231532198E-5,6.096146701479858E-6
5.914798876939881E-5,-3.2058429381253904E-5,-3.990644757839534E-5
5.842508989863145E-5,-3.330368134978611E-5,9.143299478541492E-4
5.771063082171281E-5,-3.454869395213828E-5,0.0017209131006433633
5.6997755669265426E-5,-3.5791397876868954E-5,4.902797608810383E-4
5.6288328679399595E-5,-3.7052034157452234E-5,2.1627185648181142E-5
5.5580767807322014E-5,-3.830718953890403E-5,-2.1252913999313073E-6
6.135640646055101E-5,-2.8310889132455343E-5,1.8135902015612748E-6
5.995532870483534E-5,-2.825726884886428E-5,1.5366506647473838E-6
5.917161209426703E-5,-2.952459342200389E-5,-3.0439735779413275E-5
5.835008222403987E-5,-3.07382216267274E-5,-1.82537243069516E-5
5.7635216311658635E-5,-3.1990955434433396E-5,0.0024059577524161
5.6922414194617936E-5,-3.322812192724826E-5,0.004193427719626288
5.6219624293087805E-5,-3.4463706033738965E-5,0.0012695014515171313
5.551504756465551E-5,-3.5715579798359456E-5,6.658587434923718E-5
5.4811537038091244E-5,-3.6974842763851044E-5,-4.710328854902948E-6
5.8596370638689444E-5,-2.820416330746834E-5,-1.38029760223937E-5
5.935728833455617E-5,-2.6928714641432904E-5,3.336934134813818E-5
6.060640646055102E-5,-2.7011851026778683E-5,-1.1110250757730297E-5
5.754904438415765E-5,-2.9286391209353507E-5,4.903738076535729E-4
5.6850550990363415E-5,-3.0705963128877756E-5,0.006361245268823015
5.6115171792900334E-5,-3.191131519270694E-5,0.009776181766047306
5.542678595236859E-5,-3.314677090451828E-5,0.0030443655808265347
5.473395060536202E-5,-3.438202715707924E-5,1.8083825593451835E-4
5.4042306268860474E-5,-3.564249598879807E-5,-4.8653342129344246E-6
5.7425243134690495E-5,-2.7967075589148207E-5,-5.989157595605974E-4
5.80048882176637E-5,-2.698664109083542E-5,-2.2320773641426982E-4
5.8787897176582475E-5,-2.5913139124095627E-5,2.8030424170439374E-5
5.985640646055101E-5,-2.571281292110203E-5,0
5.62280685343635E-5,-2.9580869279637626E-5,0.01540709699586446
5.635822295826141E-5,-2.8403790650226644E-5,0.011342391698311615
5.5255152953333896E-5,-3.051285532890097E-5,0.02242132358137209
5.463411040642792E-5,-3.18916232035668E-5,0.0064669004362819535
5.3936862074503234E-5,-3.306360724111928E-5,4.1646520496555487E-4
5.3273075499629704E-5,-3.431014921374508E-5,5.058625991274351E-6
5.655217183469614E-5,-2.693888581463519E-5,0.0018125547975288594
5.761935639260068E-5,-2.5859961578391725E-5,-3.343396704449219E-4
5.836990565035012E-5,-2.521672207086066E-5,3.78852223756195E-5
5.9356406460551013E-5,-2.4846787517317592E-5,0
5.511429520315316E-5,-2.8998002412239834E-5,0.04487963663593352
5.514783889072859E-5,-2.7620815599970007E-5,0.06636063761255954
5.393083237428823E-5,-2.9637407894783238E-5,0.0302192681321183
5.3913041371840656E-5,-3.086480619049459E-5,0.010666679434743752
5.315764581992424E-5,-3.185038269767919E-5,7.083812273986863E-4
5.2503844730398934E-5,-3.29778024386921E-5,3.6537014727378414E-5
5.389797593759318E-5,-2.8250767751789578E-5,0.07602016527583931
5.264088490048558E-5,-2.8886471754894325E-5,0.019580344881174373
5.2505268911131345E-5,-3.0366489867797097E-5,0.0023942593859562146
5.173461396116817E-5,-3.164545566363912E-5,2.126834826062601E-5
5.154649805069437E-5,-2.9361422537475073E-5,0.001280796832141302
5.096538319193739E-5,-3.0313108888586135E-5,2.399151613898349E-4
