% Model,COMSOL_Three_Pipes.mph
% Version,COMSOL 6.3.0.420
% Date,"Feb 18 2026, 20:44"
% Table,Table 11 - c_CNN_sensor
% Time (s),c_CNN (mol/m^3)
0,1.4330884903682732E-161
0.1,-1.2135812717879282E-119
0.2,1.5185510234015026E-116
0.30000000000000004,-1.2874908059813401E-113
0.4,8.136792667630273E-111
0.5,-1.2153058303200507E-108
0.6000000000000001,-2.085210186406716E-102
0.7000000000000001,-3.1062181111123463E-101
0.8,-1.3770569980481989E-99
0.9,7.046460898650818E-98
1,5.4636295585950534E-96
1.1,-3.085855527853311E-94
1.2000000000000002,-1.2188546433473322E-92
1.3,-1.0355871100749963E-64
1.4000000000000001,-7.92810604102725E-63
1.5,-4.31542621448651E-62
1.6,-2.5683530610489598E-61
1.7000000000000002,-3.017814799699543E-60
1.8,-2.137044226888788E-59
1.9000000000000001,-2.0510524985321107E-59
2,2.206346845019549E-57
2.1,2.723993599735013E-56
2.2,1.3276800388506312E-55
2.3000000000000003,-6.3742857892469105E-55
2.4000000000000004,-1.8476659590799815E-53
2.5,-1.598016827803707E-52
2.6,-8.291884545336269E-52
2.7,-1.9103839425736774E-51
2.8000000000000003,1.082758340118031E-50
2.9000000000000004,1.683825892932623E-49
3,1.2589763722245197E-48
3.1,7.07848914015631E-48
3.2,2.2577074045760516E-47
3.3000000000000003,-3.585193246938531E-47
3.4000000000000004,-1.1215485634470403E-45
3.5,-1.4192242013721592E-34
3.6,-5.616317094565333E-34
3.7,-1.6472663140586197E-33
3.8000000000000003,-3.650128600703383E-33
3.9000000000000004,-7.126056325715364E-33
4,-1.780115173650061E-32
4.1000000000000005,-6.078887884894655E-32
4.2,-1.879091912283874E-31
4.3,-9.559881157642881E-31
4.4,-2.8840081409393325E-30
4.5,-7.323211251900225E-30
4.6000000000000005,-4.696894656923061E-30
4.7,5.755133879851417E-29
4.800000000000001,3.5408514791234145E-28
4.9,2.213314211724873E-27
5,7.792127423939628E-27
5.1000000000000005,2.516476120882384E-26
5.2,5.944386415993654E-26
5.300000000000001,5.94624786579395E-26
5.4,-3.2231764865488867E-25
5.5,-3.932826789975614E-24
5.6000000000000005,-1.6029851519893253E-23
5.7,-6.914511734533239E-23
5.800000000000001,-2.315063856439635E-22
5.9,-5.551315561245096E-22
6,-7.963099945762455E-22
6.1000000000000005,3.690235402455724E-21
6.2,2.0092107694128785E-20
6.300000000000001,1.4843601838142554E-19
6.4,6.229469205529298E-19
6.5,1.8210583360548523E-18
6.6000000000000005,5.353378658326825E-18
6.7,6.479644091899935E-18
6.800000000000001,-3.330414937478305E-18
6.9,-2.334110622168729E-16
7,-1.2682786314054035E-15
7.1000000000000005,-4.564083707419469E-15
7.2,-1.8148950966931676E-14
7.300000000000001,-4.565719209855674E-14
7.4,-9.593972889501898E-14
7.5,1.3343063908933176E-13
7.6000000000000005,1.7192479085362925E-12
7.7,8.966364000477785E-12
7.800000000000001,4.368592090409715E-11
7.9,1.213381848634425E-10
8,2.772394041109803E-10
8.1,4.877251852809935E-10
8.200000000000001,7.407569513834738E-10
8.3,9.99929383925183E-10
8.4,1.2609274767128362E-9
8.5,1.5113206449468503E-9
8.6,1.7394762387941476E-9
8.700000000000001,1.9474260345379464E-9
8.8,2.1337309860055447E-9
8.9,2.3165152368532793E-9
9,2.5113462977626825E-9
9.1,2.7453689623802316E-9
9.200000000000001,3.023509931657519E-9
9.3,3.3286124483069918E-9
9.4,3.634127697655044E-9
9.5,3.9519770022960355E-9
9.600000000000001,4.304180767076176E-9
9.700000000000001,4.74276080909148E-9
9.8,5.369342022229701E-9
9.9,6.278741642926903E-9
10,7.732551340429554E-9
10.100000000000001,1.2896984161555647E-8
10.200000000000001,2.238121227242356E-8
10.3,3.5751792912697616E-8
10.4,6.645036454946564E-8
10.5,1.1364303158225803E-7
10.600000000000001,1.74172364795512E-7
10.700000000000001,3.1923453852755073E-7
10.8,5.155588811731723E-7
10.9,8.064033264630523E-7
11,1.350417783515491E-6
11.100000000000001,2.0610235235499435E-6
11.200000000000001,3.1954336365994604E-6
11.3,4.993562854221055E-6
11.4,7.2760291095005405E-6
11.5,1.1078706901246904E-5
11.600000000000001,1.6410502397156134E-5
11.700000000000001,2.30200858158047E-5
11.8,3.428473496559159E-5
11.9,4.8653101261390606E-5
12,6.749683722303686E-5
12.100000000000001,9.611414139623765E-5
12.200000000000001,1.3162976419289356E-4
12.3,1.7993642547324892E-4
12.4,2.467633245628593E-4
12.5,3.2788797000901605E-4
12.600000000000001,4.405324835211895E-4
12.700000000000001,5.851496121743999E-4
12.8,7.574080242127926E-4
12.9,9.986252183175695E-4
13,0.001290237377089603
13.100000000000001,0.001644175882827481
13.200000000000001,0.002109593893844162
13.3,0.00265996258533166
13.4,0.003335001111146996
13.5,0.004174940521706902
13.600000000000001,0.005150537688115776
13.700000000000001,0.00634892305173014
13.8,0.0077739576184235725
13.9,0.009402941409878397
14,0.011391227430578197
14.100000000000001,0.013670599518109151
14.200000000000001,0.016271740036938202
14.3,0.019331979477497884
14.4,0.022777596275787425
14.5,0.026684607323694595
14.600000000000001,0.031133188349820606
14.700000000000001,0.036065833314436836
14.8,0.041592240463989155
14.9,0.04771928569517259
15,0.05441738100079294
15.100000000000001,0.06179379840625399
15.200000000000001,0.06980254306743823
15.3,0.0784466094832428
15.4,0.0877483221584522
15.5,0.09769576015069538
15.600000000000001,0.10825956130114854
15.700000000000001,0.11940749277866272
15.8,0.13116237819078444
15.9,0.1434045051871219
16,0.15612412916112103
16.1,0.16935465969680816
16.2,0.1828328550551995
16.3,0.19666882552573797
16.400000000000002,0.21081113131996654
16.5,0.224994862455132
16.6,0.2393607425542031
16.7,0.2537626837325586
16.8,0.26803383621825516
16.900000000000002,0.28229088682377146
17,0.2963054113129118
17.1,0.31005445679982363
17.2,0.32360394988359864
17.3,0.3366798138583331
17.400000000000002,0.3493937770883672
17.5,0.3617210346975521
17.6,0.37350287904806473
17.7,0.3848231873139736
17.8,0.39564088363734023
17.900000000000002,0.4059071771626033
18,0.4156557833200378
18.1,0.42487671640405134
18.2,0.43356877871780597
18.3,0.44173494924186935
18.400000000000002,0.4494248175428663
18.5,0.45661870308807395
18.6,0.4633296905573149
18.7,0.4696322842376452
18.8,0.47548730628598573
18.900000000000002,0.48093763653525473
19,0.4860362291378208
19.1,0.49074691331802317
19.200000000000003,0.4951433702493818
19.3,0.4992358993868029
19.400000000000002,0.5030017909586236
19.5,0.5065416361731322
19.6,0.5098166141872477
19.700000000000003,0.5128370648290638
19.8,0.515679464307
19.900000000000002,0.5183037966236642
20,0.5207400915734286
20.1,0.5230268937840059
20.200000000000003,0.5251381685301874
20.3,0.5271128874773008
20.400000000000002,0.5289572870321139
20.5,0.5306589626315641
20.6,0.5322577825532022
20.700000000000003,0.5337388031580034
20.8,0.535104344847908
20.900000000000002,0.536377701303544
21,0.5375467434696886
21.1,0.5386203024694709
21.200000000000003,0.5396101564083602
21.3,0.5405084357193659
21.400000000000002,0.5413304325908763
21.5,0.5420789099156473
21.6,0.542748843125999
21.700000000000003,0.543362102452725
21.8,0.5439107367477152
21.900000000000002,0.5443969005596623
22,0.5448398840743462
22.1,0.5452296909942641
22.200000000000003,0.5455738705313424
22.3,0.5458828820682089
22.400000000000002,0.546149810251834
22.5,0.5463848215503618
22.6,0.5465899669959109
22.700000000000003,0.5467617997044388
22.8,0.5469134073372871
22.900000000000002,0.5470401813602299
23,0.5471432631137539
23.1,0.547234376773104
23.200000000000003,0.5473074754743622
23.3,0.5473670306083598
23.400000000000002,0.5474194764846195
23.5,0.547460602133292
23.6,0.5474969832973506
23.700000000000003,0.547530088020326
23.8,0.5475576166088455
23.900000000000002,0.5475814455904288
24,0.547600935960495
24.1,0.5476161301069428
24.200000000000003,0.5476280919578154
24.3,0.5476362753335723
24.400000000000002,0.5476411143206104
24.5,0.5476432575727201
24.6,0.5476422847536524
24.700000000000003,0.5476395090241171
24.8,0.5476352523802052
24.900000000000002,0.5476290412760179
25,0.547625054137201
25.1,0.547621917318982
25.200000000000003,0.5476195820244335
25.3,0.5476197486402826
25.400000000000002,0.5476215482555774
25.5,0.5476245351185959
25.6,0.5476280176497796
25.700000000000003,0.5476324397181909
25.8,0.5476360952247146
25.900000000000002,0.5476385275731288
26,0.5476403709647076
26.1,0.5476407013054098
26.200000000000003,0.5476398113389391
26.3,0.5476379058696921
26.400000000000002,0.5476359438286483
26.5,0.5476334374094943
26.6,0.5476311649519969
26.700000000000003,0.5476303801095856
26.8,0.5476302857360086
26.900000000000002,0.547631442333142
27,0.5476340127397622
27.1,0.5476377822485914
27.200000000000003,0.5476422740989724
27.3,0.5476476335359425
27.400000000000002,0.5476534836753368
27.5,0.5476566394273066
27.6,0.5476587138180542
27.700000000000003,0.5476592970916322
27.8,0.5476577041521696
27.900000000000002,0.5476543666904338
28,0.547650859094279
28.1,0.5476476755868847
28.200000000000003,0.5476441948636491
28.3,0.5476423878224963
28.400000000000002,0.5476416783262881
28.5,0.547641944413488
28.6,0.547643638519351
28.700000000000003,0.547646532524553
28.8,0.5476501134831477
28.900000000000002,0.5476534911989701
29,0.5476572216731407
29.1,0.5476595790899728
29.200000000000003,0.5476599804409211
29.3,0.547659127172452
29.400000000000002,0.5476573868987424
29.5,0.5476546567603735
29.6,0.5476510517216775
29.700000000000003,0.5476478737192783
29.8,0.5476444691611291
29.900000000000002,0.5476415473199456
30,0.547640385802247
30.1,0.5476401934592204
30.200000000000003,0.5476407479241159
30.3,0.5476419686455829
30.400000000000002,0.5476439486848709
30.5,0.5476453180861572
30.6,0.5476464427463257
30.700000000000003,0.5476472917710461
30.8,0.5476462742089284
30.900000000000002,0.5476441853208138
31,0.5476413500924219
31.1,0.5476383761142294
31.200000000000003,0.5476348902728051
31.3,0.5476321013390939
31.400000000000002,0.5476304773732554
31.5,0.5476294976118465
31.6,0.5476293878029621
31.700000000000003,0.547630090568346
31.8,0.5476316009749292
31.900000000000002,0.5476341154377325
32,0.5476375361909827
32.1,0.5476409375782483
32.2,0.54764252336165
32.300000000000004,0.5476433876384075
32.4,0.5476435352824145
32.5,0.5476429683053996
32.6,0.5476416845462642
32.7,0.5476397912111715
32.800000000000004,0.547637262458508
32.9,0.5476342329354651
33,0.54763227041508
33.1,0.5476305977958975
33.2,0.547629693138149
33.300000000000004,0.5476305193388259
33.4,0.5476324945318067
33.5,0.5476354329460846
33.6,0.5476392530504096
33.7,0.547644039605129
33.800000000000004,0.5476467903168705
33.9,0.5476481888424537
34,0.5476485855686276
34.1,0.5476477574568847
34.2,0.5476458146050946
34.300000000000004,0.5476432352033266
34.4,0.5476410190405249
34.5,0.5476385666186059
34.6,0.5476361348761424
34.7,0.5476338434453147
34.800000000000004,0.5476315717177014
34.9,0.5476306654557815
35,0.5476308364502158
35.1,0.5476319473082693
35.2,0.5476344678838835
35.300000000000004,0.5476381671899018
35.4,0.5476420142938134
35.5,0.5476437715698637
35.6,0.5476447706507589
35.7,0.5476447053780943
35.800000000000004,0.5476434248287912
35.9,0.5476410768295278
36,0.547637907347073
36.1,0.54763386709265
36.2,0.5476291856199982
36.300000000000004,0.5476274460471862
36.4,0.5476268939578203
36.5,0.5476273475740117
36.6,0.547628397259518
36.7,0.5476302850005672
36.800000000000004,0.547632065857255
36.9,0.5476332475569405
37,0.5476342993445881
37.1,0.5476350857458867
37.2,0.5476356320116125
37.300000000000004,0.5476358918176878
37.4,0.5476348817021839
37.5,0.5476330812833858
37.6,0.547630689742381
37.7,0.5476281731674046
37.800000000000004,0.5476252582014685
37.9,0.5476226403204367
38,0.5476207017765244
38.1,0.5476190874273142
38.2,0.5476184645314931
38.300000000000004,0.5476187182172819
38.400000000000006,0.5476197383710328
38.5,0.547621375186524
38.6,0.5476237014340302
38.7,0.5476260759393269
38.800000000000004,0.5476269404648497
38.900000000000006,0.5476272024898001
39,0.5476263595200821
39.1,0.547624120615015
39.2,0.547620749601098
39.300000000000004,0.5476176407007466
39.400000000000006,0.5476145740693267
39.5,0.5476114134252535
39.6,0.5476097242432454
39.7,0.5476087490367734
39.800000000000004,0.5476086521959599
39.900000000000006,0.54760984873056
40,0.5476120986077758
40.1,0.5476144731320067
40.2,0.5476164066519185
40.300000000000004,0.5476184004415542
40.400000000000006,0.5476194123932209
40.5,0.5476195914920097
40.6,0.5476191442758783
40.7,0.5476187616926456
40.800000000000004,0.5476181107019303
40.900000000000006,0.5476173212345783
41,0.5476167341068604
41.1,0.5476161535211814
41.2,0.5476156068265782
41.300000000000004,0.5476151115242118
41.400000000000006,0.5476146524397053
41.5,0.5476169252298766
41.6,0.547621584861165
41.7,0.5476280972627507
41.800000000000004,0.547634909411599
41.900000000000006,0.5476427670175033
42,0.5476508430806828
42.1,0.5476568830886536
42.2,0.5476621737409935
42.300000000000004,0.5476673380587924
42.400000000000006,0.5476727944219185
42.5,0.5476781875293014
42.6,0.547685744166734
42.7,0.5476952132221853
42.800000000000004,0.5477061863742005
42.900000000000006,0.5477185493531587
43,0.5477323568203615
43.1,0.5477482870874082
43.2,0.547768262552926
43.300000000000004,0.5477911931184952
43.400000000000006,0.547817300039763
43.5,0.5478467390711542
43.6,0.5478793805317628
43.7,0.5479143507278796
43.800000000000004,0.5479517346493896
43.900000000000006,0.5479917533355757
44,0.548036227031547
44.1,0.5480842882709456
44.2,0.5481374098120138
44.300000000000004,0.5481999323065231
44.400000000000006,0.548269409887784
44.5,0.548348718955688
44.6,0.5484399800477368
44.7,0.548541460609129
44.800000000000004,0.5486533960977557
44.900000000000006,0.5487757673209541
45,0.5489086334857517
45.1,0.5490562388202658
45.2,0.5492165681580489
45.300000000000004,0.5493913562381959
45.400000000000006,0.549585921992889
45.5,0.5497972868137241
45.6,0.5500279202729352
45.7,0.5502797272860016
45.800000000000004,0.5505511792718888
45.900000000000006,0.5508498286988214
46,0.5511751811208899
46.1,0.5515259490071236
46.2,0.5519157616628196
46.300000000000004,0.5523381715982565
46.400000000000006,0.5527943432546129
46.5,0.5532879923967761
46.6,0.5538170507811989
46.7,0.5543852290639416
46.800000000000004,0.5549955195085343
46.900000000000006,0.5556455620478183
47,0.5563451680090821
47.1,0.5570938552919865
47.2,0.5578896906077188
47.300000000000004,0.558744371890289
47.400000000000006,0.5596523854078406
47.5,0.5606163930378666
47.6,0.561645238797454
47.7,0.5627340291953064
47.800000000000004,0.5638885772828173
47.900000000000006,0.565113779889503
48,0.5664058380308108
48.1,0.5677714926300769
48.2,0.5692105245321005
48.300000000000004,0.5707214975461351
48.400000000000006,0.572311451620513
48.5,0.573977080474022
48.6,0.5757200392103818
48.7,0.5775460561322108
48.800000000000004,0.579451980152962
48.900000000000006,0.5814405387601305
49,0.5835141303898007
49.1,0.5856709235567497
49.2,0.587909094003082
49.300000000000004,0.5902286701544798
49.400000000000006,0.5926300445433516
49.5,0.595104720516041
49.6,0.597656674251365
49.7,0.6002836448807618
49.800000000000004,0.6029774770523629
49.900000000000006,0.6057426313291628
50,0.6085734584317708
50.1,0.6114647759682335
50.2,0.61442048159335
50.300000000000004,0.6174286071334728
50.400000000000006,0.6204891327374996
50.5,0.6236049205121151
50.6,0.6267564917545251
50.7,0.6299528710392943
50.800000000000004,0.6331893069185164
50.900000000000006,0.6364477882185973
51,0.639738110905249
51.1,0.643049169393968
51.2,0.6463703420751372
51.300000000000004,0.6497095015557136
51.400000000000006,0.6530495600711089
51.5,0.6563901891981297
51.6,0.6597356259162132
51.7,0.6630621545038444
51.800000000000004,0.6663805254776717
51.900000000000006,0.6696863119154777
52,0.6729614779645583
52.1,0.6762157790044251
52.2,0.679439559483271
52.300000000000004,0.6826231966623952
52.400000000000006,0.6857737232567409
52.5,0.6888792402032223
52.6,0.6919393059220211
52.7,0.6949569775343508
52.800000000000004,0.6979177844813668
52.900000000000006,0.7008281396986078
53,0.7036855492311401
53.1,0.7064790588032385
53.2,0.7092145614055297
53.300000000000004,0.7118868565920022
53.400000000000006,0.7144905465779778
53.5,0.7170295232664252
53.6,0.7195004484392464
53.7,0.721903137358797
53.800000000000004,0.7242384781551192
53.900000000000006,0.7265084646207969
54,0.7287122336576385
54.1,0.7308494775713955
54.2,0.7329190295523487
54.300000000000004,0.7349215139640133
54.400000000000006,0.736856205466235
54.5,0.7387223203240321
54.6,0.7405204163009855
54.7,0.7422546743786038
54.800000000000004,0.7439254036100814
54.900000000000006,0.7455314527936169
55,0.7470808232259316
55.1,0.7485701346088045
55.2,0.7500005944595766
55.300000000000004,0.7513784387258919
55.400000000000006,0.7527003479691754
55.5,0.7539707928468605
55.6,0.7551947998868733
55.7,0.7563688365804974
55.800000000000004,0.7574969948301825
55.900000000000006,0.7585796545960164
56,0.7596156504795155
56.1,0.7606100480268736
56.2,0.7615607607574412
56.300000000000004,0.76247028078764
56.400000000000006,0.7633509697559032
56.5,0.7641962812882188
56.6,0.765009919550422
56.7,0.7657962165522662
56.800000000000004,0.7665521646462139
56.900000000000006,0.767279550194504
57,0.7679785735629296
57.1,0.7686487087664948
57.2,0.7692937657757547
57.300000000000004,0.7699122161353936
57.400000000000006,0.7705051804677205
57.5,0.7710788012052664
57.6,0.7716298419322263
57.7,0.7721628770844089
57.800000000000004,0.7726834693870357
57.900000000000006,0.7731878018157193
58,0.7736783212824506
58.1,0.7741553504188934
58.2,0.7746181447181625
58.300000000000004,0.775065391342016
58.400000000000006,0.7754976026825643
58.5,0.7759148534504341
58.6,0.7763172597185614
58.7,0.7767047606329138
58.800000000000004,0.7770797097600873
58.900000000000006,0.7774450821296958
59,0.7777988593940917
59.1,0.7781461152020145
59.2,0.7784876204102001
59.300000000000004,0.7788217805295693
59.400000000000006,0.7791471550081281
59.5,0.7794642901836657
59.6,0.7797745845289674
59.7,0.7800852469241794
59.800000000000004,0.7803925164458783
59.900000000000006,0.7806926663205137
60,0.7809808011221713
60.1,0.7812602057412701
60.2,0.7815375044106141
60.300000000000004,0.7818138392713218
60.400000000000006,0.7820870609919267
60.5,0.7823584223669662
60.6,0.782627462297527
60.7,0.7828917431014102
60.800000000000004,0.7831377719731298
60.900000000000006,0.7833725542674519
61,0.7836017232657492
61.1,0.7838329667883551
61.2,0.7840611808523025
61.300000000000004,0.7842840961544579
61.400000000000006,0.7845012739914939
61.5,0.7847134742587167
61.6,0.7849276565914948
61.7,0.7851413385504855
61.800000000000004,0.7853549496120442
61.900000000000006,0.7855734366164248
62,0.7857942434001967
62.1,0.7860101883276794
62.2,0.7862110912463289
62.300000000000004,0.7864036414121633
62.400000000000006,0.7865919679839625
62.5,0.7867769572968997
62.6,0.7869571829114681
62.7,0.7871405456200469
62.800000000000004,0.7873243184145997
62.900000000000006,0.7875079248025948
63,0.7876908691108946
63.1,0.7878734062686651
63.2,0.7880557068373616
63.300000000000004,0.7882380219006642
63.400000000000006,0.7884201881179572
63.5,0.7885934731666606
63.6,0.7887558124796206
63.7,0.7889103170489805
63.800000000000004,0.789059789929508
63.900000000000006,0.789203296447658
64,0.7893419684587302
64.10000000000001,0.7894846316763262
64.2,0.7896267678850943
64.3,0.7897673709324796
64.4,0.789904902882605
64.5,0.7900403545532754
64.60000000000001,0.7901743141403277
64.7,0.7903069337872378
64.8,0.7904379974587974
64.9,0.7905587219012997
65,0.7906719314822266
65.10000000000001,0.7907784712877879
65.2,0.7908796444305266
65.3,0.7909747868303437
65.4,0.7910700156039927
65.5,0.791175038087023
65.60000000000001,0.7912836590577391
65.7,0.7913883960081369
65.8,0.7914871436102775
65.9,0.7915827342209122
66,0.7916799035058955
66.10000000000001,0.7917771857960968
66.2,0.7918740850315419
66.3,0.7919697740077989
66.4,0.7920646723875974
66.5,0.7921577494670229
66.60000000000001,0.7922473073151018
66.7,0.7923344196578053
66.8,0.7924327822234069
66.9,0.7925465661793284
67,0.7926704300992413
67.10000000000001,0.7927884365760012
67.2,0.7929053228968251
67.3,0.7930207872938488
67.4,0.7931213714429042
67.5,0.7932138729205908
67.60000000000001,0.7932982409025601
67.7,0.793374388481443
67.8,0.793442370127137
67.9,0.7935036135793636
68,0.7935585875032242
68.10000000000001,0.7936067183457032
68.2,0.7936724353308564
68.3,0.7937487810021544
68.4,0.7938322527239262
68.5,0.7939126754516348
68.60000000000001,0.7939951660123796
68.7,0.7940753424117194
68.8,0.7941454272920766
68.9,0.7942102530530353
69,0.7942708004159691
69.10000000000001,0.7943274150598124
69.2,0.794379691278776
69.3,0.7944195176859603
69.4,0.7944491019022003
69.5,0.7944719107200281
69.60000000000001,0.7945118161678989
69.7,0.7945568651641782
69.8,0.7946101466674201
69.9,0.7946773509959114
70,0.7947549722627064
70.10000000000001,0.794832364859054
70.2,0.7949055129442846
70.3,0.7949789504296246
70.4,0.7950435277904685
70.5,0.7951016177408115
70.60000000000001,0.7951531721820625
70.7,0.7951882919840201
70.8,0.7952119127216298
70.9,0.795233182429178
71,0.795269592179438
71.10000000000001,0.795310453801372
71.2,0.7953634633723212
71.3,0.7954317188855857
71.4,0.7955118466002119
71.5,0.7955827238291097
71.60000000000001,0.7956495527864115
71.7,0.7957140920244962
71.8,0.7957696892582673
71.9,0.7958196473078956
72,0.795859827725593
72.10000000000001,0.7958820175143496
72.2,0.795891195247387
72.3,0.7958986773760977
72.4,0.7959093122028333
72.5,0.7959179946553038
72.60000000000001,0.7959472207829078
72.7,0.7959917482046321
72.8,0.7960471303990382
72.9,0.7960939920660406
73,0.7961419130468456
73.10000000000001,0.7961874916240484
73.2,0.7962237203362934
73.3,0.7962548138852794
73.4,0.7962772966223294
73.5,0.7962895874297506
73.60000000000001,0.7962932995246137
73.7,0.796300917646408
73.8,0.7963097005040864
73.9,0.7963197573366465
74,0.7963516033919604
74.10000000000001,0.7963951367451604
74.2,0.7964415239748965
74.3,0.7964718754267393
74.4,0.7964974660813559
74.5,0.7965182548599551
74.60000000000001,0.7965342219620182
74.7,0.7965453870013678
74.8,0.7965593011158805
74.9,0.7965744096210194
75,0.7965902724666615
75.10000000000001,0.7966144310614922
75.2,0.7966431869677894
75.3,0.7966804168841478
75.4,0.7967347274905964
75.5,0.7968010197020512
75.60000000000001,0.7968596694511061
75.7,0.7969006733296664
75.8,0.7969336684996143
75.9,0.7969548240840596
76,0.7969648755287816
76.10000000000001,0.7969656986622627
76.2,0.7969764824734883
76.3,0.7969878540042982
76.4,0.7970022527365968
76.5,0.7970253021821561
76.60000000000001,0.7970536948037009
76.7,0.7970898078006785
76.80000000000001,0.797134920469525
76.9,0.7971878322734509
77,0.7972413238442353
77.10000000000001,0.7972966790644824
77.2,0.7973531105953964
77.30000000000001,0.7973811501675204
77.4,0.7973951347576141
77.5,0.7973985949038787
77.60000000000001,0.7973999825632497
77.7,0.7973943618232355
77.80000000000001,0.797389138138109
77.9,0.7973885121742963
78,0.7973886384481927
78.10000000000001,0.7974007306536859
78.2,0.7974229557761688
78.30000000000001,0.7974533602720237
78.4,0.7974883163604894
78.5,0.7975295821324346
78.60000000000001,0.7975690363246555
78.7,0.797586484642323
78.80000000000001,0.797593638823604
78.9,0.7975915560530544
79,0.7975808675098202
79.10000000000001,0.7975610087969046
79.2,0.7975385692614954
79.30000000000001,0.7975125681259653
79.4,0.7974829683641526
79.5,0.7974702819284611
79.60000000000001,0.7974646068180841
79.7,0.7974696273501485
79.80000000000001,0.7974948615321832
79.9,0.7975348267491876
80,0.7975740357971295
80.10000000000001,0.7976027693069494
80.2,0.7976295267534171
80.30000000000001,0.7976459160460736
80.4,0.7976530615120502
80.5,0.7976525792957432
80.60000000000001,0.7976485733595838
80.7,0.7976390701326
80.80000000000001,0.7976264266875729
80.9,0.797616970848467
81,0.7976070817783313
81.10000000000001,0.7976068572787763
81.2,0.7976229505562746
81.30000000000001,0.7976496653884363
81.4,0.7976690211529639
81.5,0.7976831548604705
81.60000000000001,0.7976956026953079
81.7,0.7977148483381686
81.80000000000001,0.7977368275031105
81.9,0.797760475214947
82,0.7977828195655688
82.10000000000001,0.7978055500777868
82.2,0.797821159317048
82.30000000000001,0.7978244598340521
82.4,0.7978198042782548
82.5,0.7978194753614833
82.60000000000001,0.7978222022580005
82.7,0.7978255747581732
82.80000000000001,0.7978258442496734
82.9,0.7978247998449034
83,0.7978263603571839
83.10000000000001,0.7978418968583877
83.2,0.7978649859781038
83.30000000000001,0.7979005350112913
83.4,0.7979520963480571
83.5,0.7980167460219331
83.60000000000001,0.7980664076215758
83.7,0.7981035465121863
83.80000000000001,0.7981335580200088
83.9,0.7981544284378911
84,0.7981671152830974
84.10000000000001,0.7981727600337156
84.2,0.7981748079080178
84.30000000000001,0.7981713248563578
84.4,0.7981705537274665
84.5,0.7981787399966924
84.60000000000001,0.7981908365082592
84.7,0.7982268203055228
84.80000000000001,0.7982852554957246
84.9,0.7983613595628909
85,0.7984205755208339
85.10000000000001,0.7984792747341055
85.2,0.798533426709747
85.30000000000001,0.7985703731074487
85.4,0.7985971766341201
85.5,0.7986140441085133
85.60000000000001,0.7986211394059362
85.7,0.7986183323973206
85.80000000000001,0.7986050261912196
85.9,0.798581254011302
86,0.7985477565328268
86.10000000000001,0.7985428769393882
86.2,0.7985485163842276
86.30000000000001,0.7985635233738302
86.4,0.7985841331839456
86.5,0.7986124337797019
86.60000000000001,0.7986428192865666
86.7,0.7986706482089605
86.80000000000001,0.7986995448443714
86.9,0.7987206590653863
87,0.7987343373839967
87.10000000000001,0.7987423526853947
87.2,0.7987294949227632
87.30000000000001,0.7987029176441942
87.4,0.7986690236891464
87.5,0.7986496151665727
87.60000000000001,0.7986326712498815
87.7,0.7986242493438215
87.80000000000001,0.7986295863538629
87.9,0.7986446583658682
88,0.7986625687985905
88.10000000000001,0.7986834717608492
88.2,0.798708876627518
88.30000000000001,0.7987282034019574
88.4,0.7987464102233686
88.5,0.7987598994699021
88.60000000000001,0.7987559063030008
88.7,0.7987414282580886
88.80000000000001,0.7987223457192778
88.9,0.7987039635621079
89,0.7986822681326098
89.10000000000001,0.7986701896698061
89.2,0.7986676605508033
89.30000000000001,0.798671632453791
89.4,0.7986769748755136
89.5,0.7986860836070121
89.60000000000001,0.7986975710155381
89.7,0.7987063039057297
89.80000000000001,0.7987150803432639
89.9,0.7987133568727582
90,0.798691214561832
90.10000000000001,0.7986560474979361
90.2,0.7986206240687281
90.30000000000001,0.7985851000857102
90.4,0.7985463545142181
90.5,0.7985354705049901
90.60000000000001,0.7985382338430973
90.7,0.7985523019179489
90.80000000000001,0.7985692348481113
90.9,0.7985936076370505
91,0.7986190091022725
91.10000000000001,0.7986391530852074
91.2,0.798658659215746
91.30000000000001,0.7986624751007948
91.4,0.798650149747652
91.5,0.7986254965153248
91.60000000000001,0.7986001778779702
91.7,0.7985689781929505
91.80000000000001,0.798537553668768
91.9,0.7985291718598125
92,0.798531288831677
92.10000000000001,0.7985386971936987
92.2,0.7985460782447593
92.30000000000001,0.7985572873139187
92.4,0.798565503915756
92.5,0.7985704002892897
92.60000000000001,0.798573766147504
92.7,0.7985722991955794
92.80000000000001,0.7985674425168602
92.9,0.7985590078142045
93,0.7985459864855661
93.10000000000001,0.798528919375223
93.2,0.7985155570401932
93.30000000000001,0.7985141417829599
93.4,0.7985187776224903
93.5,0.7985172638632771
93.60000000000001,0.7985087892303082
93.7,0.7984966677942765
93.80000000000001,0.7984824788040693
93.9,0.7984655485073746
94,0.7984494085840144
94.10000000000001,0.7984497423549272
94.2,0.7984581841702548
94.30000000000001,0.7984720481065686
94.4,0.7984883614762199
94.5,0.798509223765781
94.60000000000001,0.7985318900897574
94.7,0.7985561263424609
94.80000000000001,0.798582703905279
94.9,0.7985933310696421
95,0.7985956192969301
95.10000000000001,0.798589190627992
95.2,0.7985700836610888
95.30000000000001,0.79854040051984
95.4,0.7985108218897697
95.5,0.7984936454024638
95.60000000000001,0.798480292105872
95.7,0.7984816547731702
95.80000000000001,0.798498871124983
95.9,0.7985287757922952
96,0.7985659070548471
96.10000000000001,0.7986124793782636
96.2,0.7986653694574303
96.30000000000001,0.7987086800051559
96.4,0.7987508040202492
96.5,0.7987801470787763
96.60000000000001,0.798782826259594
96.7,0.7987684118319028
96.80000000000001,0.7987476422799188
96.9,0.7987218489933905
97,0.7986878067728951
97.10000000000001,0.7986673588699854
97.2,0.7986518851730984
97.30000000000001,0.7986417575135567
97.4,0.7986429946169012
97.5,0.7986524347936588
97.60000000000001,0.7986687640891068
97.7,0.7986903468951824
97.80000000000001,0.7987182978257931
97.9,0.7987312568798017
98,0.7987261502136781
98.10000000000001,0.7987096052094056
98.2,0.7986947571232873
98.30000000000001,0.7986765664717725
98.4,0.7986565202628679
98.5,0.7986455123460426
98.60000000000001,0.7986378482807666
98.7,0.7986327472495233
98.80000000000001,0.7986291990976013
98.9,0.7986278845895857
99,0.7986364069890679
99.10000000000001,0.7986560149769149
99.2,0.7986842725420724
99.30000000000001,0.7987010453540957
99.4,0.7987138339762024
99.5,0.7987230323135207
99.60000000000001,0.7987253471371547
99.7,0.7987224915360062
99.80000000000001,0.7987213309667213
99.9,0.7987310939807526
100,0.7987456279648104
100.10000000000001,0.7987619304679053
100.2,0.7987794461431338
100.30000000000001,0.7987991679148021
100.4,0.7988282813636196
100.5,0.7988641908632069
100.60000000000001,0.798903885939959
100.7,0.798932024995026
100.80000000000001,0.7989565503783086
100.9,0.7989804506298391
101,0.7990078987515776
101.10000000000001,0.7990361415501493
101.2,0.7990775587807928
101.30000000000001,0.799134702209428
101.4,0.7992033476179545
101.5,0.7992603971606349
101.60000000000001,0.7993139295433881
101.7,0.7993655476699931
101.80000000000001,0.799416499134789
101.9,0.7994661410973256
102,0.7995165987443169
102.10000000000001,0.7995709540185212
102.2,0.7996271940662727
102.30000000000001,0.7996948492442236
102.4,0.7997760898212658
102.5,0.7998675616625412
102.60000000000001,0.7999891458819903
102.7,0.8001341202490855
102.80000000000001,0.8002962850044495
102.9,0.8004438770350432
103,0.8005931868326842
103.10000000000001,0.800741864056343
103.2,0.800886369372775
103.30000000000001,0.8010289917462454
103.4,0.8011776686211877
103.5,0.8013343825424536
103.60000000000001,0.8014962531843219
103.7,0.8016717393436907
103.80000000000001,0.8018580808562491
103.9,0.802056467927148
104,0.8022793317413272
104.10000000000001,0.8025203258043412
104.2,0.8027743141809376
104.30000000000001,0.8030332669634936
104.4,0.8033023279258767
104.5,0.8035725126640257
104.60000000000001,0.8038413748408209
104.7,0.8041122749345662
104.80000000000001,0.8043946450512716
104.9,0.8046855205603924
105,0.8049853340879995
105.10000000000001,0.8053026639230925
105.2,0.8056331503294897
105.30000000000001,0.8059792653619413
105.4,0.8063450213705622
105.5,0.8067278718675324
105.60000000000001,0.8071277905226857
105.7,0.8075447695611345
105.80000000000001,0.8079788191310109
105.9,0.8084290973115427
106,0.8088958584759546
106.10000000000001,0.8093799055097607
106.2,0.809886894873366
106.30000000000001,0.8104139645681844
106.4,0.8109632021436421
106.5,0.8115381247284353
106.60000000000001,0.8121365201731218
106.7,0.8127570705388699
106.80000000000001,0.8133993556940844
106.9,0.8140638989096995
107,0.8147485356875444
107.10000000000001,0.8154538932293419
107.2,0.816184218256824
107.30000000000001,0.8169728155065401
107.4,0.8178029076867775
107.5,0.8186744947975403
107.60000000000001,0.8195875768388178
107.7,0.8205421538106169
107.80000000000001,0.8216266155889138
107.9,0.8227699963778956
108,0.8239133771668772
108.10000000000001,0.8250567579558492
108.2,0.8262001387448307
108.30000000000001,0.8273530488443694
108.4,0.8285701558201364
108.5,0.8297872627959059
108.60000000000001,0.831004369771678
108.7,0.8322214767474458
108.80000000000001,0.8334385837232161
108.9,0.834716848568307
109,0.8360316914534482
109.10000000000001,0.8373465343385939
109.2,0.8386613772237356
109.30000000000001,0.8399762201088828
109.4,0.8412910629940274
109.5,0.8426059058791673
109.60000000000001,0.8439207487643134
109.7,0.8452355916494556
109.80000000000001,0.8465504345345983
109.9,0.8478652774197427
110,0.8491885059368703
110.10000000000001,0.8505169017307018
110.2,0.8518452975245395
110.30000000000001,0.8531736933183837
110.4,0.8545020891122198
110.5,0.8558304849060601
110.60000000000001,0.857158880699888
110.7,0.8584872764937207
110.80000000000001,0.8598156722875663
110.9,0.8611440680814008
111,0.862472463875242
111.10000000000001,0.8637939733175788
111.2,0.8651111117501895
111.30000000000001,0.866428250182795
111.4,0.8677453886154067
111.5,0.8690625270480199
111.60000000000001,0.8703796654806333
111.7,0.871696803913246
111.80000000000001,0.8730139423458507
111.9,0.8743310807784693
112,0.8756482192110743
112.10000000000001,0.8769653576436819
112.2,0.878266424997414
112.30000000000001,0.879556986780062
112.4,0.8808475485627054
112.5,0.8821381103453397
112.60000000000001,0.883428672127986
112.7,0.8847192339106331
112.80000000000001,0.8860097956932713
112.9,0.8873003574759176
113,0.8885909192585604
113.10000000000001,0.8898814810412039
113.2,0.8911720428238408
113.30000000000001,0.8924237115832332
113.4,0.8936492015219085
113.5,0.8948746914605872
113.60000000000001,0.896100181399263
113.7,0.8973256713379413
113.80000000000001,0.8985511612766115
113.9,0.8997766512152913
114,0.9010021411539679
114.10000000000001,0.9022276310926404
114.2,0.9034531210313176
114.30000000000001,0.9046786109699957
114.4,0.905849188935279
114.5,0.9069817149458972
114.60000000000001,0.9081142409565292
114.7,0.9092467669671447
114.80000000000001,0.9103792929777659
114.9,0.9115118189883935
115,0.9126443449990194
115.10000000000001,0.9137768710096411
115.2,0.9149093970202643
115.30000000000001,0.9160419230308877
115.4,0.917174449041513
115.5,0.9182417616050755
115.60000000000001,0.9192625571005139
115.7,0.9202833525959473
115.80000000000001,0.9213041480913885
115.9,0.9223249435868218
116,0.9233457390822589
116.10000000000001,0.9243665345776967
116.2,0.9253873300731332
116.30000000000001,0.9264081255685697
116.4,0.9274289210640068
116.5,0.92844971655944
116.60000000000001,0.9293271608095748
116.7,0.9300993649333479
116.80000000000001,0.9308715690571193
116.9,0.9316437731808885
117,0.9324159773046583
117.10000000000001,0.9331881814284348
117.2,0.9339603855522116
117.30000000000001,0.9347325896759767
117.4,0.9355047937997513
117.5,0.9362769979235241
117.60000000000001,0.9370492020473015
117.7,0.93782140617107
117.80000000000001,0.938593610294842
117.9,0.9393658144186108
118,0.9401380185423869
118.10000000000001,0.9409102226661608
118.2,0.941682426789929
118.30000000000001,0.9424546309136995
118.4,0.9432268350374737
118.5,0.943999039161243
118.60000000000001,0.944771243285011
118.7,0.9455434474087899
118.80000000000001,0.9461933813514615
118.9,0.9467482656622694
119,0.9473031499730841
119.10000000000001,0.9478580342838948
119.2,0.9484129185947059
119.30000000000001,0.9489678029055155
119.4,0.9495226872163319
119.5,0.9500775715271453
119.60000000000001,0.9506324558379544
119.7,0.951187340148772
119.80000000000001,0.9517422244595801
119.9,0.9522971087703912
120,0.9528519930812094
120.10000000000001,0.9534068773920179
120.2,0.953961761702826
120.30000000000001,0.9545166460136477
120.4,0.9550715303244566
120.5,0.9556264146352678
120.60000000000001,0.9561812989460771
120.7,0.9567361832568876
120.80000000000001,0.957291067567702
120.9,0.9578459518785191
121,0.9583116521390669
121.10000000000001,0.9587039702909492
121.2,0.959096288442839
121.30000000000001,0.9594886065947316
121.4,0.9598809247466175
121.5,0.9602732428985017
121.60000000000001,0.9606655610503831
121.7,0.9610578792022747
121.80000000000001,0.9614501973541639
121.9,0.9618425155060454
122,0.9622348336579296
122.10000000000001,0.9626271518098213
122.2,0.9630194699617151
122.30000000000001,0.9634117881135923
122.4,0.9638041062654807
122.5,0.9641964244173703
122.60000000000001,0.964588742569255
122.7,0.9649810607211441
122.80000000000001,0.9653733788730272
122.9,0.9657656970249129
123,0.9661580151768031
123.10000000000001,0.9665503333286906
123.2,0.966882087868089
123.30000000000001,0.9671611130670351
123.4,0.967440138265973
123.5,0.9677191634649224
123.60000000000001,0.9679981886638678
123.7,0.9682772138628011
123.80000000000001,0.9685562390617491
123.9,0.9688352642606888
124,0.969114289459636
124.10000000000001,0.9693933146585828
124.2,0.96967233985753
124.30000000000001,0.9699513650564765
124.4,0.9702303902554095
124.5,0.9705094154543564
124.60000000000001,0.970788440653298
124.7,0.9710674658522479
124.80000000000001,0.9713464910511849
124.9,0.9716255162501336
125,0.9719045414490678
125.10000000000001,0.9721835666480161
125.2,0.9724625918469562
125.30000000000001,0.9727416170459037
125.4,0.9729626591820365
125.5,0.9731302960905139
125.60000000000001,0.9732979329989874
125.7,0.9734655699074614
125.80000000000001,0.9736332068159325
125.9,0.9738008437244041
126,0.9739684806328721
126.10000000000001,0.9741361175413481
126.2,0.9743037544498147
126.30000000000001,0.9744713913582934
126.4,0.9746390282667621
126.5,0.9748066651752348
126.60000000000001,0.9749743020837082
126.7,0.9751419389921768
126.80000000000001,0.9753095759006468
126.9,0.9754772128091287
127,0.9756448497175914
127.10000000000001,0.9758124866260633
127.2,0.975980123534535
127.30000000000001,0.9761477604430089
127.4,0.9763153973514812
127.5,0.9764830342599565
127.60000000000001,0.9766506711684199
127.7,0.9768183080768966
127.80000000000001,0.9769859449853727
127.9,0.977153581893837
128,0.9773212188023136
128.1,0.9774888557107885
128.20000000000002,0.9776564926192534
128.3,0.9778241295277225
128.4,0.9779917664362022
128.5,0.9781594033446668
128.6,0.9783270402531425
128.70000000000002,0.9784946771616146
128.8,0.9786623140700846
128.9,0.9788299509785594
129,0.9789975878870364
129.1,0.9791652247955069
129.20000000000002,0.979332861703973
129.3,0.9795004986124469
129.4,0.9796681355209154
129.5,0.9798357724293879
129.6,0.9800034093378693
129.70000000000002,0.9801710462463326
129.8,0.9803091661902962
129.9,0.9804168697403916
130,0.9805245732904809
130.1,0.9806322768405757
130.20000000000002,0.9807399803906707
130.3,0.9808476839407616
130.4,0.9809553874908576
130.5,0.9810630910409567
130.6,0.981170794591042
130.70000000000002,0.9812784981411347
130.8,0.9813862016912347
130.9,0.9814939052413293
131,0.9816016087914242
131.1,0.9817093123415094
131.20000000000002,0.9818170158916069
131.3,0.9819247194416996
131.4,0.9820324229917868
131.5,0.9821401265418861
131.6,0.9822478300919746
131.70000000000002,0.9823555336420682
131.8,0.9824632371921614
131.9,0.9825709407422574
132,0.9826786442923469
132.1,0.982786347842443
132.20000000000002,0.9828940513925305
132.3,0.9830017549426225
132.4,0.9831094584927187
132.5,0.9832171620428075
132.6,0.98332486559291
132.70000000000002,0.9834325691429938
132.8,0.9835402726930914
132.9,0.9836479762431911
133,0.9837556797932836
133.1,0.9838633833433741
133.20000000000002,0.9839710868934682
133.3,0.9840787904435628
133.4,0.9841864939936505
133.5,0.9842941975437431
133.6,0.9844019010938395
133.70000000000002,0.9845096046439307
133.8,0.9846173081940307
133.9,0.9847250117441215
134,0.984832715294211
134.1,0.984940418844308
134.20000000000002,0.985033035677504
134.3,0.985108255824006
134.4,0.9851834759705045
134.5,0.9852586961170062
134.6,0.9853339162635081
134.70000000000002,0.98540913641001
134.8,0.9854843565565076
134.9,0.9855595767030076
135,0.9856347968495104
135.1,0.9857100169960126
135.20000000000002,0.9857852371425159
135.3,0.985860457289013
135.4,0.9859356774355107
135.5,0.9860108975820149
135.6,0.9860861177285082
135.70000000000002,0.9861613378750137
135.8,0.986236558021508
135.9,0.9863117781680133
136,0.9863869983145099
136.1,0.9864622184610122
136.20000000000002,0.9865374386075131
136.3,0.9866126587540114
136.4,0.9866878789005082
136.5,0.9867630990470125
136.6,0.9868383191935215
136.70000000000002,0.986913539340014
136.8,0.9869887594865238
136.9,0.9870639796330221
137,0.9871391997795148
137.1,0.9872144199260243
137.20000000000002,0.9872896400725293
137.3,0.9873648602190306
137.4,0.987440080365522
137.5,0.9875153005120227
137.6,0.9875905206585247
137.70000000000002,0.9876657408050225
137.8,0.9877409609515236
137.9,0.987816181098021
138,0.987891401244531
138.1,0.9879666213910234
138.20000000000002,0.9880418415375296
138.3,0.9881170616840238
138.4,0.988192281830524
138.5,0.9882675019770317
138.6,0.9883334324297324
138.70000000000002,0.9883873650427307
138.8,0.988441297655718
138.9,0.9884952302687215
139,0.9885491628817265
139.1,0.988603095494721
139.20000000000002,0.9886570281077136
139.3,0.9887109607207183
139.4,0.9887648933337166
139.5,0.9888188259467091
139.6,0.9888727585597019
139.70000000000002,0.9889266911727048
139.8,0.9889806237856982
139.9,0.9890345563987047
140,0.9890884890116949
140.1,0.989142421624692
140.20000000000002,0.9891963542376875
140.3,0.989250286850686
140.4,0.9893042194636802
140.5,0.9893581520766805
140.6,0.989412084689686
140.70000000000002,0.9894660173026751
140.8,0.9895199499156712
140.9,0.9895738825286706
141,0.9896278151416665
141.1,0.9896817477546667
141.20000000000002,0.9897356803676638
141.3,0.9897896129806605
141.4,0.989843545593657
141.5,0.9898974782066494
141.6,0.9899514108196482
141.70000000000002,0.9900053434326507
141.8,0.9900592760456485
141.9,0.9901132086586427
142,0.9901671412716376
142.1,0.9902210738846439
142.20000000000002,0.9902750064976367
142.3,0.9903289391106371
142.4,0.9903828717236295
142.5,0.9904368043366271
142.6,0.9904907369496212
142.70000000000002,0.9905446695626227
142.8,0.9905986021756177
142.9,0.9906525347886226
143,0.9906976789682646
143.1,0.9907300891699851
143.20000000000002,0.9907624993716941
143.3,0.990794909573399
143.4,0.990827319775121
143.5,0.9908597299768385
143.6,0.9908921401785408
143.70000000000002,0.9909245503802598
143.8,0.9909569605819729
143.9,0.9909893707836878
144,0.9910217809853983
144.1,0.9910541911871175
144.20000000000002,0.9910866013888276
144.3,0.9911190115905448
144.4,0.9911514217922515
144.5,0.9911838319939664
144.6,0.9912162421956787
144.70000000000002,0.9912486523973982
144.8,0.9912810625991093
144.9,0.9913134728008153
145,0.9913458830025301
145.1,0.9913782932042413
145.20000000000002,0.9914107034059623
145.3,0.9914431136076771
145.4,0.9914755238093891
145.5,0.9915079340110956
145.6,0.9915403442128125
145.70000000000002,0.9915727544145312
145.8,0.9916051646162393
145.9,0.9916375748179574
146,0.9916699850196675
146.1,0.9917023952213778
146.20000000000002,0.9917348054230997
146.3,0.991767215624814
146.4,0.9917996258265217
146.5,0.9918320360282394
146.6,0.9918644462299503
146.70000000000002,0.9918968564316593
146.8,0.9919292666333767
146.9,0.9919616768350954
147,0.9919940870368099
147.1,0.9920264972385224
147.20000000000002,0.992058907440234
147.3,0.9920913176419478
147.4,0.9921237278436532
147.5,0.992156138045367
147.6,0.9921885482470845
147.70000000000002,0.9922209584487974
147.8,0.9922533686505096
147.9,0.9922857788522208
148,0.9923181890539429
148.1,0.9923505992556538
148.20000000000002,0.9923830094573624
148.3,0.9924154196590712
148.4,0.9924478298607938
148.5,0.9924802400625051
148.6,0.9925126502642165
148.70000000000002,0.9925450604659315
148.8,0.9925774706676495
148.9,0.9926098808693574
149,0.992642291071077
149.1,0.9926747012727826
149.20000000000002,0.992707111474502
149.3,0.9927395216762169
149.4,0.9927719318779263
149.5,0.9928043420796465
149.6,0.9928367522813523
149.70000000000002,0.9928691624830634
149.8,0.9929015726847793
149.9,0.9929339828864897
150,0.9929663930882064
150.1,0.9929988032899209
150.20000000000002,0.9930312134916293
150.3,0.9930636236933433
150.4,0.9930960338950616
150.5,0.9931284440967704
150.6,0.9931608542984895
150.70000000000002,0.9931932645001946
150.8,0.9932256747019137
150.9,0.9932580849036249
151,0.9932904951053411
151.1,0.9933229053070494
151.20000000000002,0.9933553155087625
151.3,0.9933877257104792
151.4,0.9934201359121996
151.5,0.9934525461139051
151.6,0.9934849563156188
151.70000000000002,0.9935173665173304
151.8,0.9935455418290632
151.9,0.9935659290703279
152,0.9935863163115856
152.1,0.993606703552849
152.20000000000002,0.9936270907941112
152.3,0.993647478035365
152.4,0.9936678652766359
152.5,0.9936882525178902
152.6,0.9937086397591605
152.70000000000002,0.9937290270004209
152.8,0.9937494142416798
152.9,0.9937698014829438
153,0.9937901887241984
153.1,0.9938105759654645
153.20000000000002,0.9938309632067165
153.3,0.9938513504479843
153.4,0.993871737689247
153.5,0.9938921249305089
153.60000000000002,0.9939125121717697
153.70000000000002,0.9939328994130276
153.8,0.9939532866542885
153.9,0.9939736738955556
154,0.9939940611368199
154.10000000000002,0.9940144483780783
154.20000000000002,0.9940348356193408
154.3,0.9940552228605982
154.4,0.9940756101018644
154.5,0.9940959973431256
154.60000000000002,0.9941163845843857
154.70000000000002,0.9941367718256525
154.8,0.994157159066901
154.9,0.994177546308161
155,0.9941979335494355
155.10000000000002,0.9942183207906934
155.20000000000002,0.9942387080319565
155.3,0.9942590952732062
155.4,0.9942794825144765
155.5,0.9942998697557356
155.60000000000002,0.9943202569970038
155.70000000000002,0.994340644238263
155.8,0.99436103147952
155.9,0.9943814187207811
156,0.9944018059620396
156.10000000000002,0.9944221932033014
156.20000000000002,0.9944425804445732
156.3,0.9944629676858323
156.4,0.9944833549270927
156.5,0.9945037421683541
156.60000000000002,0.994524129409612
156.70000000000002,0.9945445166508752
156.8,0.9945649038921333
156.9,0.994585291133393
157,0.9946056783746661
157.10000000000002,0.9946260656159245
157.20000000000002,0.9946464528571881
157.3,0.9946668400984424
157.4,0.9946872273397025
157.5,0.9947076145809693
157.60000000000002,0.994728001822226
157.70000000000002,0.9947483890634903
157.8,0.9947687763047498
157.9,0.9947891635460134
158,0.9948095507872756
158.10000000000002,0.9948299380285314
158.20000000000002,0.994850325269794
158.3,0.9948707125110545
158.4,0.9948910997523192
158.5,0.9949114869935777
158.60000000000002,0.9949318742348411
158.70000000000002,0.9949522614761037
158.8,0.9949726487173637
158.9,0.9949930359586239
159,0.9950134231998857
159.10000000000002,0.995033810441146
159.20000000000002,0.995054197682414
159.3,0.9950745849236695
159.4,0.9950949721649351
159.5,0.995115359406191
159.60000000000002,0.9951357466474591
159.70000000000002,0.9951561338887251
159.8,0.9951765211299727
159.9,0.9951969083712369
160,0.9952172956125009
160.10000000000002,0.9952376828537667
160.20000000000002,0.995258070095022
160.3,0.9952784573362881
160.4,0.9952988445775485
160.5,0.995319231818813
160.60000000000002,0.9953374370656229
160.70000000000002,0.9953504559002012
160.8,0.995363474734789
160.9,0.995376493569356
161,0.995389512403935
161.10000000000002,0.9954025312385144
161.20000000000002,0.9954155500730887
161.3,0.9954285689076684
161.4,0.9954415877422464
161.5,0.9954546065768206
161.60000000000002,0.9954676254113987
161.70000000000002,0.9954806442459752
161.8,0.9954936630805558
161.9,0.9955066819151234
162,0.9955197007497102
162.10000000000002,0.9955327195842844
162.20000000000002,0.995545738418865
162.3,0.9955587572534357
162.4,0.9955717760880202
162.5,0.9955847949226003
162.60000000000002,0.9955978137571668
162.70000000000002,0.9956108325917519
162.8,0.9956238514263267
162.9,0.9956368702609019
163,0.995649889095478
163.10000000000002,0.9956629079300523
163.20000000000002,0.9956759267646238
163.3,0.9956889455992134
163.4,0.9957019644337791
163.5,0.9957149832683665
163.60000000000002,0.995728002102942
163.70000000000002,0.9957410209375146
163.8,0.9957540397721015
163.9,0.9957670586066739
164,0.9957800774412459
164.10000000000002,0.9957930962758315
164.20000000000002,0.9958061151104025
164.3,0.9958191339449827
164.4,0.995832152779552
164.5,0.9958451716141424
164.60000000000002,0.9958581904487117
164.70000000000002,0.9958712092832922
164.8,0.9958842281178648
164.9,0.9958972469524439
165,0.9959102657870229
165.10000000000002,0.9959232846216041
165.20000000000002,0.9959363034561799
165.3,0.9959493222907424
165.4,0.9959623411253237
165.5,0.9959753599599052
165.60000000000002,0.9959883787944849
165.70000000000002,0.9960013976290607
165.8,0.9960144164636365
165.9,0.9960274352982125
166,0.996040454132791
166.10000000000002,0.9960534729673716
166.20000000000002,0.9960664918019482
166.3,0.9960795106365272
166.4,0.9960925294711016
166.5,0.9961055483056765
166.60000000000002,0.9961185671402548
166.70000000000002,0.9961315859748348
166.8,0.9961446048094043
166.9,0.9961576236439826
167,0.9961706424785575
167.10000000000002,0.9961836613131397
167.20000000000002,0.9961966801477172
167.3,0.9962096989822895
167.4,0.9962227178168737
167.5,0.9962357366514503
167.60000000000002,0.9962487554860301
167.70000000000002,0.9962617743206069
167.8,0.996274793155187
167.9,0.9962878119897584
168,0.9963008308243391
168.10000000000002,0.9963138496589142
168.20000000000002,0.9963268684934928
168.3,0.9963398873280629
168.4,0.9963529061626407
168.5,0.9963659249972205
168.60000000000002,0.996378943831795
168.70000000000002,0.996391962666371
168.8,0.9964049815009512
168.9,0.9964180003355256
169,0.9964310191701086
169.10000000000002,0.9964440380046818
169.20000000000002,0.9964570568392653
169.3,0.9964700756738347
169.4,0.99648161855908
169.5,0.9964884882003576
169.60000000000002,0.9964953578416335
169.70000000000002,0.9965022274829043
169.8,0.9965090971241823
169.9,0.9965159667654475
170,0.9965228364067236
170.10000000000002,0.9965297060479985
170.20000000000002,0.9965365756892687
170.3,0.9965434453305412
170.4,0.9965503149718219
170.5,0.9965571846130903
170.60000000000002,0.9965640542543636
170.70000000000002,0.9965709238956392
170.8,0.9965777935369124
170.9,0.9965846631781871
171,0.9965915328194541
171.10000000000002,0.9965984024607267
171.20000000000002,0.9966052721019999
171.3,0.9966121417432772
171.4,0.9966190113845493
171.5,0.9966258810258233
171.60000000000002,0.9966327506670906
171.70000000000002,0.9966396203083685
171.8,0.9966464899496456
171.9,0.9966533595909111
172,0.9966602292321862
172.10000000000002,0.9966670988734545
172.20000000000002,0.9966739685147368
172.3,0.9966808381560044
172.4,0.9966877077972807
172.5,0.9966945774385556
172.60000000000002,0.9967014470798323
172.70000000000002,0.996708316721094
172.8,0.9967151863623714
172.9,0.9967220560036393
173,0.9967289256449211
173.10000000000002,0.9967357952861912
173.20000000000002,0.9967426649274604
173.3,0.9967495345687367
173.4,0.9967564042100023
173.5,0.996763273851284
173.60000000000002,0.9967701434925588
173.70000000000002,0.9967770131338244
173.8,0.9967838827750998
173.9,0.9967907524163714
174,0.996797622057646
174.10000000000002,0.9968044916989213
174.20000000000002,0.9968113613401948
174.3,0.9968182309814648
174.4,0.9968251006227361
174.5,0.9968319702640092
174.60000000000002,0.9968388399052861
174.70000000000002,0.9968457095465606
174.8,0.9968525791878283
174.9,0.9968594488291055
175,0.9968663184703774
175.10000000000002,0.9968731881116454
175.20000000000002,0.9968800577529254
175.3,0.9968869273941948
175.4,0.9968937970354685
175.5,0.9969006666767417
175.60000000000002,0.9969075363180132
175.70000000000002,0.996914405959292
175.8,0.9969212756005617
175.9,0.9969281452418343
176,0.9969350148831101
176.10000000000002,0.9969418845243802
176.20000000000002,0.9969487541656525
176.3,0.99695562380693
176.4,0.996962493448203
176.5,0.996969363089475
176.60000000000002,0.9969762327307493
176.70000000000002,0.9969831023720126
176.8,0.9969899720132972
176.9,0.9969968416545665
177,0.9970037112958395
177.10000000000002,0.9970105809371117
177.20000000000002,0.9970174505783822
177.3,0.9970243202196568
177.4,0.9970311898609268
177.5,0.9970380595022034
177.60000000000002,0.9970449291434764
177.70000000000002,0.9970517987847526
177.8,0.9970586684260222
177.9,0.9970655380672897
178,0.9970724077085709
178.10000000000002,0.9970792773498469
178.20000000000002,0.997086146991126
178.3,0.9970930166323898
178.4,0.9970998862736595
178.5,0.9971067559149438
178.60000000000002,0.9971136255562105
178.70000000000002,0.9971204951974861
178.8,0.9971273648387537
178.9,0.9971342344800301
179,0.9971411041213033
179.10000000000002,0.9971479737625737
179.20000000000002,0.9971548434038504
179.3,0.9971617130451155
179.4,0.9971685826863901
179.5,0.9971754523276571
179.60000000000002,0.9971823219689449
179.70000000000002,0.9971891916102096
179.8,0.9971960612514804
179.9,0.9972029308927638
180,0.9972098005340261
180.10000000000002,0.9972166701752999
180.20000000000002,0.9972235398165844
180.3,0.9972304094578466
180.4,0.9972372790991265
180.5,0.9972441487404012
180.60000000000002,0.9972510183816686
180.70000000000002,0.9972578880229461
180.8,0.9972647576642101
180.9,0.9972716273054821
181,0.9972784969467665
181.10000000000002,0.9972853665880332
181.20000000000002,0.9972922362293104
181.3,0.9972991058705772
181.4,0.997305975511857
181.5,0.997312845153135
181.60000000000002,0.9973197147944046
181.70000000000002,0.9973265844356614
181.8,0.9973334540769503
181.9,0.9973403237182217
182,0.9973471933594987
182.10000000000002,0.9973540630007659
182.20000000000002,0.9973609326420432
182.3,0.9973678022833107
182.4,0.9973746719245863
182.5,0.9973815415658598
182.60000000000002,0.9973884112071298
182.70000000000002,0.9973952808484052
182.8,0.9974021504896803
182.9,0.9974090201309502
183,0.9974158897722204
183.10000000000002,0.9974227594135002
183.20000000000002,0.9974296290547753
183.3,0.9974364986960425
183.4,0.9974433683373174
183.5,0.9974502379785845
183.60000000000002,0.9974571076198627
183.70000000000002,0.9974639772611368
183.8,0.9974708469024052
183.9,0.9974777165436842
184,0.9974845861849477
184.10000000000002,0.9974914558262343
184.20000000000002,0.9974983254674945
184.3,0.9975051951087776
184.4,0.997512064750044
184.5,0.9975189343913228
184.60000000000002,0.9975258040325892
184.70000000000002,0.9975326736738604
184.8,0.997539543315138
184.9,0.9975464129564096
185,0.9975532825976935
185.10000000000002,0.9975601522389606
185.20000000000002,0.9975670218802324
185.3,0.9975738915215049
185.4,0.9975807611627776
185.5,0.9975876308040552
185.60000000000002,0.9975945004453205
185.70000000000002,0.9976013700865951
185.8,0.997608239727867
185.9,0.9976151093691442
186,0.9976219790104197
186.10000000000002,0.9976288486516853
186.20000000000002,0.9976357182929626
186.3,0.9976425879342374
186.4,0.9976494575755069
186.5,0.997656327216785
186.60000000000002,0.997663196858056
186.70000000000002,0.9976700664993274
186.8,0.9976769361405947
186.9,0.9976838057818718
187,0.9976902900250229
187.10000000000002,0.9976941443369174
187.20000000000002,0.9976979986488027
187.3,0.9977018529606999
187.4,0.9977057072725918
187.5,0.9977095615844827
187.60000000000002,0.9977134158963841
187.70000000000002,0.9977172702082756
187.8,0.9977211245201688
187.9,0.9977249788320608
188,0.9977288331439467
188.10000000000002,0.9977326874558426
188.20000000000002,0.997736541767737
188.3,0.9977403960796329
188.4,0.9977442503915228
188.5,0.9977481047034201
188.60000000000002,0.9977519590153089
188.70000000000002,0.9977558133272054
188.8,0.9977596676390995
188.9,0.9977635219509935
189,0.9977673762628837
189.10000000000002,0.9977712305747748
189.20000000000002,0.9977750848866693
189.3,0.997778939198564
189.4,0.9977827935104645
189.5,0.9977866478223458
189.60000000000002,0.9977905021342435
189.70000000000002,0.9977943564461426
189.8,0.9977982107580294
189.9,0.9978020650699203
190,0.9978059193818084
190.10000000000002,0.9978097736937085
190.20000000000002,0.9978136280056027
190.3,0.9978174823175006
190.4,0.9978213366293885
190.5,0.9978251909412827
190.60000000000002,0.9978290452531748
190.70000000000002,0.9978328995650696
190.8,0.9978367538769645
190.9,0.9978406081888512
191,0.9978444625007429
191.10000000000002,0.9978483168126386
191.20000000000002,0.997852171124534
191.3,0.9978560254364259
191.4,0.9978598797483168
191.5,0.9978637340602076
191.60000000000002,0.9978675883721042
191.70000000000002,0.9978714426839955
191.8,0.9978752969958875
191.9,0.9978791513077868
192,0.9978830056196791
192.10000000000002,0.9978868599315642
192.20000000000002,0.9978907142434632
192.3,0.9978945685553607
192.4,0.9978984228672491
192.5,0.9979022771791412
192.60000000000002,0.9979061314910336
192.70000000000002,0.9979099858029256
192.8,0.99791384011482
192.9,0.9979176944267132
193,0.9979215487386037
193.10000000000002,0.9979254030504999
193.20000000000002,0.9979292573623949
193.3,0.997933111674289
193.4,0.997936965986176
193.5,0.9979408202980748
193.60000000000002,0.9979446746099697
193.70000000000002,0.9979485289218628
193.8,0.9979523832337537
193.9,0.9979562375456489
194,0.9979600918575372
194.10000000000002,0.9979639461694328
194.20000000000002,0.9979678004813209
194.3,0.9979716547932211
194.4,0.9979755091051018
194.5,0.9979793634170004
194.60000000000002,0.9979832177288962
194.70000000000002,0.997987072040795
194.8,0.9979909263526814
194.9,0.9979947806645745
195,0.9979986349764646
195.10000000000002,0.9980024892883601
195.20000000000002,0.9980063436002579
195.3,0.9980101979121501
195.4,0.9980140522240379
195.5,0.9980179065359388
195.60000000000002,0.9980217608478263
195.70000000000002,0.9980256151597239
195.8,0.9980294694716215
195.9,0.9980333237835077
196,0.9980371780954035
196.10000000000002,0.9980410324072937
196.20000000000002,0.9980448867191871
196.3,0.9980487410310815
196.4,0.9980525953429702
196.5,0.9980564496548677
196.60000000000002,0.9980603039667503
196.70000000000002,0.9980641582786554
196.8,0.9980680125905427
196.9,0.998071866902438
197,0.9980757212143336
197.10000000000002,0.9980795755262274
197.20000000000002,0.998083429838118
197.3,0.9980872841500175
197.4,0.9980911384619063
197.5,0.9980949927737961
197.60000000000002,0.9980988470856876
197.70000000000002,0.9981027013975847
197.8,0.9981065557094768
197.9,0.9981104100213721
198,0.9981142643332619
198.10000000000002,0.99811811864516
198.20000000000002,0.9981219729570542
198.3,0.9981258272689442
198.4,0.998129681580835
198.5,0.9981335358927279
198.60000000000002,0.9981373902046162
198.70000000000002,0.9981412445165173
198.8,0.998145098828406
198.9,0.9981489531402993
199,0.9981528074521934
199.10000000000002,0.9981566617640878
199.20000000000002,0.998160516075984
199.3,0.9981643703878752
199.4,0.9981682246997614
199.5,0.99817207901166
199.60000000000002,0.9981759333235529
199.70000000000002,0.9981797876354396
199.8,0.9981836419473383
199.9,0.9981874962592301
200,0.9981913505711256
