% Model,COMSOL_Three_Pipes_Phase_2.mph
% Version,COMSOL 6.3.0.420
% Date,"Feb 21 2026, 21:50"
% Table,c_CNN_Outlet_Phase_2 - Surface Average 2
% Time (s),c_CNN_Outlet_Phase_2 (mol/m^3),c_CNN_Outlet_Phase_2 (mol/m^3)
0,-3.9313362779851235E-148,-1.0504797537790657E-141
0.1,-1.0916184145294472E-146,3.652459126281229E-139
0.2,-7.683611469779544E-146,3.2262918766701037E-139
0.30000000000000004,-8.037833840531252E-146,9.776026849034958E-140
0.4,1.4775199322632614E-146,-8.269992177439517E-140
0.5,-8.04335060376447E-145,7.909540000241001E-141
0.6000000000000001,-1.860377093851783E-144,-5.889537332373034E-118
0.7000000000000001,3.330365425630559E-144,-1.6347443953831028E-117
0.8,7.230526031032089E-143,-2.0557661800882475E-117
0.9,2.7582064184282547E-142,-7.704132810035753E-118
1,4.273036528695956E-142,3.302920108220067E-117
1.1,-1.369739819034763E-142,-4.328849863581554E-116
1.2000000000000002,-2.100473351528014E-141,-9.347460910099892E-116
1.3,-5.51629119816184E-103,4.610384072283237E-117
1.4000000000000001,-1.861717197281197E-102,4.028322762436449E-115
1.5,-5.683188838175658E-102,1.253056862772697E-114
1.6,-1.7125836878352794E-101,-2.0230677304196957E-113
1.7000000000000002,-4.7635360973013147E-101,-5.045635449081795E-113
1.8,-1.2630625275989066E-100,-3.47051431291753E-113
1.9000000000000001,-3.2727147060687397E-100,8.174178834864625E-113
2,-8.119830322786111E-100,3.536032715105607E-112
2.1,-2.0178071201828454E-99,1.1689939242985667E-71
2.2,-4.992783867722806E-99,-5.297184494236277E-72
2.3000000000000003,-1.2138681061969191E-98,-1.2904678341093436E-70
2.4000000000000004,-2.952964207337155E-98,-4.376442697063767E-70
2.5,-6.622596909081118E-98,-1.0091750555798282E-69
2.6,-1.1905253048287056E-97,-1.6481353546006972E-69
2.7,-5.923622488231652E-99,-2.879769768269376E-69
2.8000000000000003,1.5094644505220889E-96,-5.863286290681622E-69
2.9000000000000004,-2.0748306222380445E-60,-1.175789291593319E-68
3,-6.739171209793839E-60,-2.172279763811979E-68
3.1,-1.3660173004977363E-59,-3.1659167799050724E-68
3.2,-2.7446678470491E-59,-5.400678750126405E-68
3.3000000000000003,-5.400405041627901E-59,-1.1473278987994861E-67
3.4000000000000004,-1.023605400339053E-58,-2.3980430807029335E-67
3.5,-1.8852540598697244E-58,-4.551884752074856E-67
3.6,-3.45246185459614E-58,-1.1327539764979564E-66
3.7,-6.430797814097733E-58,-2.1098066753501002E-66
3.8000000000000003,-1.1961772872013278E-57,-2.610469472202069E-66
3.9000000000000004,-2.2365982770109051E-57,-1.8588652674919984E-66
4,-4.2473201694029866E-57,9.208830383419445E-67
4.1000000000000005,-8.74488419403738E-57,-7.683831452983705E-65
4.2,-1.844657237655727E-56,-1.75499393956335E-64
4.3,-3.948057649115189E-56,-8.09802471553487E-65
4.4,-8.469798233840427E-56,4.208012339589304E-64
4.5,-2.0043639103699114E-55,1.5439271574722987E-63
4.6000000000000005,-4.84115691648622E-55,-3.9206279712102195E-63
4.7,-1.1650877168958168E-54,-1.0306761115253881E-62
4.800000000000001,-2.7482962416523733E-54,1.9123026305713744E-63
4.9,-6.848671640245613E-54,5.226333817149542E-62
5,-1.7892297308648563E-53,1.6027312041274796E-61
5.1000000000000005,-4.625489079287512E-53,1.59010359507889E-60
5.2,-1.164390672992274E-52,3.9067724343969126E-60
5.300000000000001,-3.0300788568413506E-52,4.581090003025785E-60
5.4,-8.426410769997384E-52,1.0838666656244258E-60
5.5,-2.2747449436783676E-51,-9.114087213148154E-60
5.6000000000000005,-5.904161363530439E-51,-4.0966240098928646E-39
5.7,-1.5135081938289002E-50,-1.7393826333925792E-38
5.800000000000001,-4.26614412520017E-50,-4.140260241363068E-38
5.9,-1.165925938557641E-49,-7.763394769053887E-38
6,-3.068784601542691E-49,-1.2759885760618215E-37
6.1000000000000005,-7.715034989705514E-49,-1.908078059080448E-37
6.2,-2.2056690966546675E-48,-2.9010049061967413E-37
6.300000000000001,-6.164849296687335E-48,-4.619817435967026E-37
6.4,-1.667155416450786E-47,-7.429563966947558E-37
6.5,-4.314728209738706E-47,-1.1695292817694627E-36
6.6000000000000005,-1.2264278436011424E-46,-1.7785453884160052E-36
6.7,-3.557906732263006E-46,-2.7687245391530246E-36
6.800000000000001,-1.0000882962153024E-45,-4.419383815221398E-36
6.9,-2.6882645028179037E-45,-7.009840297861948E-36
7,-7.607086309706547E-45,-1.0819411068315523E-35
7.1000000000000005,-2.2915501760978835E-44,-1.3064663057525625E-35
7.2,-6.671434820871012E-44,-1.9533836251222532E-35
7.300000000000001,-1.852172607169035E-43,-4.3363757312827723E-35
7.4,-5.1543300212970206E-43,-9.769125290576181E-35
7.5,-1.5873215065475432E-42,-1.9565314969344603E-34
7.6000000000000005,-4.704732952950471E-42,6.635346123852301E-35
7.7,-1.326680821300698E-41,5.1027295950637965E-34
7.800000000000001,-3.5748273578948693E-41,2.504807244994635E-34
7.9,-1.1015880932973453E-40,-1.5986478643928797E-33
8,-3.4898341017841483E-29,-5.922737427781302E-33
8.1,-1.3170626673983884E-28,-7.835806337701828E-33
8.200000000000001,-2.811350555819843E-28,-1.520792031707228E-32
8.3,-4.658915622465645E-28,-4.8058775012825603E-32
8.4,-6.938970300108337E-28,-1.2640806607189477E-31
8.5,-1.0775144460841837E-27,-2.702754891412127E-31
8.6,-1.646433077670121E-27,5.649677467409027E-32
8.700000000000001,-2.5117803371304245E-27,5.047212342536119E-31
8.8,-4.045298351726605E-27,-2.736397710725292E-31
8.9,-6.059915969397784E-27,-3.6266239019741676E-30
9,-1.0822822380123017E-26,-1.0902268819121134E-29
9.1,-1.751976916103478E-26,-1.8971546776646175E-29
9.200000000000001,-3.201562229942148E-26,-3.9292697758191536E-29
9.3,-5.738669244491199E-26,-9.509466101869012E-29
9.4,-1.0094996941912442E-25,-2.0960637581307533E-28
9.5,-2.001932815514481E-25,-4.060567813962803E-28
9.600000000000001,-3.3735999769499406E-25,-3.3663504126837626E-28
9.700000000000001,-6.8911670628088665E-25,-4.094022932454027E-28
9.8,-1.2141620043268515E-24,-1.7813954380562173E-27
9.9,-2.201762159428183E-24,-5.6096513764296775E-27
10,-3.9085439095074106E-24,-1.3051207009094611E-26
10.100000000000001,-6.2552811758878756E-24,-2.440484139454032E-26
10.200000000000001,-9.802802206220646E-24,-4.8400894768825503E-26
10.3,-1.4298887522161602E-23,-9.884374579903404E-26
10.4,-9.564606854409416E-24,-1.8953777315225002E-25
10.5,3.5212425164873246E-24,-3.342873554955565E-25
10.600000000000001,8.482355765645655E-23,-4.72102595876851E-25
10.700000000000001,3.1252458120311863E-22,-8.204789795508013E-25
10.8,7.372215561348434E-22,-1.8109489584946596E-24
10.9,2.4852357967178373E-21,-3.8750449846856626E-24
11,5.072893882993678E-21,-7.444299510101062E-24
11.100000000000001,1.4147122124256207E-20,-1.339454064775183E-23
11.200000000000001,3.021456896733779E-20,-2.4151665028377488E-23
11.3,6.72493758337517E-20,-4.247230788054855E-23
11.4,1.5369210149805748E-19,-7.111310443283558E-23
11.5,2.8015227678501343E-19,-1.1283068991380907E-22
11.600000000000001,6.970817750492451E-19,-1.93460323283835E-22
11.700000000000001,1.3014087546584798E-18,-3.2338581973986385E-22
11.8,2.8750596009404296E-18,-4.821866488653524E-22
11.9,5.6555674180192134E-18,-6.49442280243756E-22
12,1.0905092339259163E-17,-8.047321834585286E-22
12.100000000000001,2.2757426980782195E-17,-2.3575386002668286E-21
12.200000000000001,3.915523029783716E-17,-4.6090795784327205E-21
12.3,8.53685104472604E-17,-4.376538296550242E-21
12.4,1.5282580366418005E-16,1.5229020667865604E-21
12.5,3.0006538548300075E-16,1.6272058332983674E-20
12.600000000000001,5.608917084079757E-16,2.7766674319387846E-20
12.700000000000001,9.931390864136425E-16,6.674666009890971E-20
12.8,1.942910749393058E-15,2.0066108187630104E-19
12.9,3.247790555634999E-15,4.969590058563122E-19
13,6.3724268230262565E-15,1.0230894982436958E-18
13.100000000000001,1.1008579164109993E-14,8.78324662407049E-19
13.200000000000001,1.9858186897188205E-14,1.0780241653042633E-18
13.3,3.550139189947063E-14,4.563768418523959E-18
13.4,5.904555585313788E-14,1.4277137833654743E-17
13.5,1.0921374186724784E-13,3.315971282228523E-17
13.600000000000001,1.7765426075677145E-13,6.111919184891946E-17
13.700000000000001,3.2138972403117864E-13,1.1695319095958204E-16
13.8,5.370745028826242E-13,2.319381669381443E-16
13.9,9.076888214234039E-13,4.373505765684779E-16
14,1.5586160675099737E-12,7.644668766344537E-16
14.100000000000001,2.470313418549266E-12,1.076787996673343E-15
14.200000000000001,4.353275068478877E-12,1.779185522898503E-15
14.3,6.904655204522883E-12,3.714991897107946E-15
14.4,1.173072563123787E-11,7.727539561099688E-15
14.5,1.9029178553313172E-11,1.466016095667171E-14
14.600000000000001,3.0575863096059595E-11,2.572252280554093E-14
14.700000000000001,5.067492279052491E-11,4.5804580408224904E-14
14.8,7.733181362567638E-11,8.127009907472348E-14
14.9,1.3055165656639906E-10,1.3848284411503667E-13
15,2.021586654100279E-10,2.2380658083916377E-13
15.100000000000001,3.2579014606312307E-10,3.359017954922047E-13
15.200000000000001,5.130447474339706E-10,5.611823696516563E-13
15.3,7.886609702597253E-10,1.0376421616261219E-12
15.4,1.2583738050566614E-9,1.903275029724205E-12
15.5,1.8701210255073893E-9,3.2960748322545045E-12
15.600000000000001,2.9769874789718753E-9,4.611741430159227E-12
15.700000000000001,4.4664355249427735E-9,6.70225717290034E-12
15.8,6.7748218885718254E-9,1.189003965156618E-11
15.9,1.018230236026868E-8,2.2497506457245078E-11
16,1.4811484257504924E-8,4.0847075181025296E-11
16.1,2.2137515257620982E-8,4.30346282331072E-11
16.2,3.1474414724229794E-8,4.9427785074360964E-11
16.3,4.630462781546116E-8,1.287565688718808E-10
16.400000000000002,6.597879824538582E-8,3.4975100279276313E-10
16.5,9.407866950901202E-8,7.811411100040833E-10
16.6,1.3445305073942486E-7,1.4900688122154445E-9
16.7,1.8682328450297526E-7,2.6151745571356214E-9
16.8,2.6722489381835167E-7,4.3324361569306705E-9
16.900000000000002,3.6856219288291064E-7,6.817831423766552E-9
17,5.189025713355401E-7,1.0247338169809121E-8
17.1,7.17399740648742E-7,1.3953540944573907E-8
17.2,9.85991393200991E-7,1.921992275832369E-8
17.3,1.3636248230236997E-6,2.9148809114346457E-8
17.400000000000002,1.8364352771764074E-6,4.6842525515929656E-8
17.5,2.5344064769258036E-6,7.540339746635993E-8
17.6,3.402538405471181E-6,1.1408235280754604E-7
17.7,4.612073593677713E-6,1.6553610438243817E-7
17.8,6.189994902657581E-6,2.3797565519589707E-7
17.900000000000002,8.22919471290613E-6,3.3961200825277855E-7
18,1.1020332531421582E-5,4.786561665579336E-7
18.1,1.4415800091694507E-5,6.752259165682462E-7
18.2,1.9223001074582574E-5,9.488808539482489E-7
18.3,2.5114235616163445E-5,1.3069946955143289E-6
18.400000000000002,3.2890795284650064E-5,1.7569411580828465E-6
18.5,4.2863116003687334E-5,2.3060939584701534E-6
18.6,5.5263419831811645E-5,3.041709306125944E-6
18.7,7.172041581086252E-5,4.106649303761039E-6
18.8,9.14404402271743E-5,5.591696508083681E-6
18.900000000000002,1.177705694322412E-4,7.587633475802043E-6
19,1.4971431552893193E-4,1.01852427636242E-5
19.1,1.899654090617774E-4,1.3514065635265353E-5
19.200000000000003,2.404578741127464E-4,1.7756141226543075E-5
19.3,3.012316399837207E-4,2.3080998902319194E-5
19.400000000000002,3.791954514790188E-4,2.9658168027456227E-5
19.5,4.711649572490295E-4,3.7657177966815827E-5
19.6,5.875925523725502E-4,4.748996484269288E-5
19.700000000000003,7.267871534426866E-4,6.0079293249245964E-5
19.8,8.953149135635466E-4,7.636093525913311E-5
19.900000000000002,0.0011013037393001258,9.72706629450142E-5
20,0.001342369471677,1.2374424837954644E-4
20.1,0.0016403727955655524,1.5603800251515364E-4
20.200000000000003,0.0019857164039213263,1.9479048254703417E-4
20.3,0.0024031173333313666,2.4151082991201109E-4
20.400000000000002,0.002892557440528055,2.9770818604691143E-4
20.5,0.003464739578487761,3.648916923885567E-4
20.6,0.004143419258501764,4.43708927076279E-4
20.700000000000003,0.004918013573436337,5.371530682347415E-4
20.8,0.005839348490573799,6.502516572787688E-4
20.900000000000002,0.006886073376773846,7.880322356231976E-4
21,0.008100403744808709,9.555223446828461E-4
21.1,0.009490498547789602,0.001152244071046372
21.200000000000003,0.01106549506294778,0.0013787208781928589
21.3,0.012872259203240744,0.001641482372872803
21.400000000000002,0.014886682540848167,0.001947058161836729
21.5,0.017243669521235645,0.0023019778518351135
21.6,0.019889867188822654,0.0027131935903983015
21.700000000000003,0.0228247025731211,0.0031855515285254153
21.8,0.026048175674130904,0.0037224222781701614
21.900000000000002,0.02959038504363969,0.004327176451286307
22,0.03352715537657491,0.005003184659827548
22.1,0.03779593853319251,0.0057700992308594694
22.200000000000003,0.04239673451349233,0.00664878651746784
22.3,0.04733237388852685,0.007644438170636652
22.400000000000002,0.052702339710102325,0.008762245841350005
22.5,0.05844391081769985,0.010007401180591858
22.6,0.06455708721131985,0.011384923841813424
22.700000000000003,0.07104186889096213,0.012901905783160042
22.8,0.07786103941321311,0.01456664711265697
22.900000000000002,0.08502509382117553,0.016387447938329705
23,0.09254200993606068,0.018372608368203532
23.1,0.10041178775786934,0.020535773470270635
23.200000000000003,0.10852740883123556,0.022887707084297205
23.3,0.11684296577392127,0.025432387475969643
23.400000000000002,0.1254292979030537,0.028173792910974726
23.5,0.13428640521863222,0.031115901654998824
23.6,0.1433097296970137,0.034258662851797426
23.700000000000003,0.1522601575525432,0.037599227839625805
23.8,0.16132797466453572,0.041137378175920655
23.900000000000002,0.17051318103299215,0.04487289541811905
24,0.1797940659466681,0.04880556112365736
24.1,0.18872704037541557,0.052936842268808924
24.200000000000003,0.19759553174562966,0.05725476431376845
24.3,0.2063995400573096,0.06173894654185628
24.400000000000002,0.21513906531045646,0.0663690082363928
24.5,0.22341102674400076,0.07112456868069811
24.6,0.23134656101735537,0.07600787890149394
24.700000000000003,0.239021000270465,0.08101702471129688
24.8,0.2464343445033286,0.08612537757211945
24.900000000000002,0.25339771427706737,0.09130630894597473
25,0.25984694327477686,0.096533190294875
25.1,0.2658964909839836,0.10178235370579652
25.200000000000003,0.2715463574046875,0.10703820255413656
25.3,0.2767433642933416,0.11228621523453966
25.400000000000002,0.28138096842313437,0.11751187014165164
25.5,0.2855465829884887,0.12270064567011679
25.6,0.2892402079894044,0.12779822402567914
25.700000000000003,0.2924653308868739,0.13275212234747347
25.8,0.2952711083709192,0.13755057143023292
25.900000000000002,0.2976256868655507,0.14218180206869102
26,0.2995290663707681,0.14663404505758074
26.1,0.30098124688657185,0.15090067084410683
26.200000000000003,0.3021717237494977,0.1549735126189752
26.3,0.3030310654353202,0.15883849529217028
26.400000000000002,0.3035287956350059,0.16248154377367702
26.5,0.30366491434855436,0.1658885829734799
26.6,0.3036369147691226,0.1690404600919741
26.700000000000003,0.30349557777379044,0.1719309257674607
26.8,0.30313145834042976,0.17456526006678316
26.900000000000002,0.30254455646904105,0.17694874305678554
27,0.3018291869226034,0.1790866548043119
27.1,0.3011510055578347,0.18098052594123917
27.200000000000003,0.30036947322882485,0.18263543840222513
27.3,0.2994845899355745,0.18406199920828642
27.400000000000002,0.2985208762452092,0.18527081538043952
27.5,0.29773743505722683,0.18627249393970027
27.6,0.2969638497065543,0.18707494057345694
27.700000000000003,0.29620012019319214,0.18769522261902175
27.8,0.2954462465171404,0.18815768957229934
27.900000000000002,0.2948040883509978,0.18848669092919285
28,0.2942323543571745,0.18870657618560677
28.1,0.2937171847191071,0.18881392990735008
28.200000000000003,0.2932585794367953,0.18880598885764632
28.3,0.2928820183134677,0.1887080808285199
28.400000000000002,0.2925920995403263,0.18854553361199466
28.5,0.2923759296863697,0.18834367500009458
28.6,0.29223350875159854,0.18811195158187538
28.700000000000003,0.2921424943255549,0.18784777705440692
28.8,0.29206850047260224,0.187558429871736
28.900000000000002,0.292041797467599,0.1872511884879085
29,0.2920623853105457,0.1869333313569714
29.1,0.2921255708173863,0.18662692939998604
29.200000000000003,0.29219231555676717,0.1863470940887526
29.3,0.29228870397756873,0.1860906647034231
29.400000000000002,0.2924147360797917,0.18585448052415104
29.5,0.29257041186343596,0.18563538083108894
29.6,0.29269063834957487,0.18543366136448045
29.700000000000003,0.29280421339805834,0.18525342019843166
29.8,0.2929184606217622,0.18509720011388817
29.900000000000002,0.2930333800206863,0.1849675438917961
30,0.29313832258641503,0.184866994313101
30.1,0.2932321263933495,0.18479297732709984
30.200000000000003,0.29331970246085903,0.18473970752166724
30.3,0.2934010507889434,0.1847049106356173
30.400000000000002,0.29346618870235885,0.18468631240776354
30.5,0.2935016762864251,0.18468163857691902
30.6,0.293519840354898,0.18469114915440554
30.700000000000003,0.2935206809077774,0.1847130657949562
30.8,0.29350843098690405,0.18474205670250438
30.900000000000002,0.29351170494995427,0.1847727900809832
31,0.29351106045272235,0.184799934134325
31.1,0.2935064974952085,0.1848256336150087
31.200000000000003,0.29349801607741227,0.1848558511317917
31.3,0.29348538424285864,0.18489098167302492
31.400000000000002,0.29346871278646247,0.18493142022706052
31.5,0.29344802259996305,0.1849775617822493
31.6,0.2934233136833608,0.1850142176648565
31.700000000000003,0.2934006363316098,0.18503142580092172
31.8,0.29338024787168854,0.18503742107845736
31.900000000000002,0.29335961155516643,0.18504043838547635
32,0.29333872738204486,0.18504871260999128
32.1,0.2933218649862439,0.18506153441960363
32.2,0.29331403809959694,0.18507220651436765
32.300000000000004,0.2933104322710729,0.18507998183097663
32.4,0.2933110475006707,0.18508411330612287
32.5,0.2933145457962234,0.18508385387649914
32.6,0.29331341292101604,0.18508136917304369
32.7,0.29331284640504207,0.18507930051207291
32.800000000000004,0.2933128462483024,0.18507761435834427
32.9,0.2933134124507963,0.18507627717661584
33,0.2933168336541433,0.18507525543164582
33.1,0.29332193983223614,0.18507454875782509
33.2,0.29332857384587663,0.1850742877878047
33.300000000000004,0.2933367356950645,0.18507463548373287
33.4,0.293341141188116,0.1850757548077576
33.5,0.2933418946465747,0.18507780872202761
33.6,0.2933410043409971,0.18507752153652288
33.7,0.29333847027138304,0.18507294100832603
33.800000000000004,0.2933377451024846,0.18506621527023967
33.9,0.29334234963619593,0.18505949245506534
34,0.29334872340964446,0.1850549206956059
34.1,0.2933568664228307,0.1850532694711658
34.2,0.2933656280515776,0.18505338519992756
34.300000000000004,0.2933695533457311,0.1850545314230102
34.4,0.29337248801059285,0.185055971681533
34.5,0.29337443204616254,0.18505696951661407
34.6,0.2933753854524408,0.18505791534426716
34.7,0.2933796894310283,0.18505976290344303
34.800000000000004,0.29338498557572085,0.1850626207196666
34.9,0.2933910645681403,0.18506659731846312
35,0.2933979264082875,0.1850718012253575
35.1,0.293405588373757,0.18507413203245082
35.2,0.29341404911487245,0.1850717993727768
35.300000000000004,0.2934233027011621,0.18506837683326016
35.4,0.2934333491326264,0.18506743800082578
35.5,0.29344618657255267,0.18507255646239834
35.6,0.2934635736970138,0.18508285303811225
35.7,0.2934836240419749,0.1850942874200976
35.800000000000004,0.29350633760743555,0.18510569150327097
35.9,0.2935293701921909,0.1851158971825487
36,0.29354322894263024,0.1851237363528477
36.1,0.2935547442008901,0.1851267721156539
36.2,0.29356391596696996,0.1851267370973579
36.300000000000004,0.2935707442408697,0.18512871748023238
36.4,0.2936197708491066,0.1851377994465503
36.5,0.2936854355399621,0.18515906917858443
36.6,0.29376646127519457,0.1851927430545439
36.7,0.2938628480548047,0.1852335725575847
36.800000000000004,0.29394344383147863,0.18527844652739975
36.9,0.29401239031602355,0.1853242538036824
37,0.29407930217461764,0.18536788322612544
37.1,0.2941441794072604,0.18541583376675602
37.2,0.294228406879729,0.18547596466312816
37.300000000000004,0.2943480966643948,0.1855472051532258
37.4,0.294484751945879,0.18562848447503288
37.5,0.29463837272418114,0.18571873186653318
37.6,0.29481148315752026,0.18581647893873135
37.7,0.29501289135506875,0.18592314375266678
37.800000000000004,0.29523611920886667,0.18604198522137474
37.9,0.2954811667189137,0.18617626225788997
38,0.2957480338852106,0.18632923377524852
38.1,0.2960399326075723,0.18650369612671677
38.2,0.2963549258225038,0.18670108903519078
38.300000000000004,0.29669298153228146,0.1869226364681514
38.400000000000006,0.29705409973690455,0.18716956239307775
38.5,0.29747658568789465,0.18744309077745075
38.6,0.29795336975264614,0.1877428361801997
38.7,0.29847387858713353,0.18807208230295358
38.800000000000004,0.2990381121913577,0.18843755682723917
38.900000000000006,0.299658351053422,0.1888459874345848
39,0.30034242872225403,0.18930410180651733
39.1,0.30108061029354766,0.18981308556420437
39.2,0.3018728957673031,0.1903705612462235
39.300000000000004,0.3027262980349966,0.19097791191021693
39.400000000000006,0.3036620429133789,0.1916365206138271
39.5,0.30466414610770115,0.19234777041469717
39.6,0.30573260761796384,0.19312762765728791
39.7,0.3068679531190871,0.1939919978188729
39.800000000000004,0.3081346223435674,0.19494217265631353
39.900000000000006,0.30949253090906137,0.19597944392647082
40,0.31094167881556906,0.19710510338620554
40.1,0.3124820660630908,0.19831937945950642
40.2,0.3141565934672381,0.19962821423108681
40.300000000000004,0.31595525557796666,0.2010414699488956
40.400000000000006,0.31786753100239656,0.20256900886088283
40.5,0.31989341974052865,0.20422069321499683
40.6,0.3220643694909168,0.20599535135784883
40.7,0.32439711305492164,0.20789405257088553
40.800000000000004,0.32686880326123907,0.20993002050431003
40.900000000000006,0.3294794401098691,0.2121164788083259
41,0.3322350854867931,0.21446665113313634
41.1,0.3351517288386371,0.2169822699184319
41.2,0.3382170172480929,0.2196592202308043
41.300000000000004,0.3414309507151612,0.22250195466080705
41.400000000000006,0.3447940335746699,0.2255149257989955
41.5,0.3483248024543759,0.22870258623592382
41.6,0.3520115801155515,0.23207405570436512
41.7,0.3558543665581968,0.23563878913068997
41.800000000000004,0.3598531617823105,0.239401741895853
41.900000000000006,0.3640690255079626,0.24336786938080682
42,0.36848491069188416,0.2475421269665051
42.1,0.37308761955023484,0.25192032048342794
42.2,0.3778771520830137,0.2564995374437672
42.300000000000004,0.3828288235693708,0.2612866557510438
42.400000000000006,0.3879319001637185,0.2662885533087793
42.5,0.39320281235577215,0.271512108020494
42.6,0.39864156014553165,0.27695555878491795
42.7,0.4042365943775458,0.2826096979923122
42.800000000000004,0.4099612806573558,0.28847023378349407
42.900000000000006,0.4158367756954295,0.29453287429928204
43,0.42186307949176566,0.30079332768049444
43.1,0.42803794028735115,0.3072566402673415
43.2,0.4343140601195406,0.3139206936226997
43.300000000000004,0.4407216335574697,0.32077044872138877
43.400000000000006,0.4472606606011372,0.32779086653822775
43.5,0.453931141250544,0.33496690804803536
43.6,0.4606320495506735,0.34229627107924737
43.7,0.4673959837133557,0.3497781322179425
43.800000000000004,0.47424199529323974,0.35739967057541083
43.900000000000006,0.48117008429032626,0.36514806526294297
44,0.4881086016838551,0.3730104953918278
44.1,0.49503281815398087,0.38097886854426244
44.2,0.5019863961792578,0.389036346050637
44.300000000000004,0.5089693357596865,0.39715698764453433
44.400000000000006,0.5159478585928957,0.4053148530595383
44.5,0.5228537245802326,0.4134840020292308
44.6,0.529742808913985,0.4216675029190163
44.7,0.5366151115941535,0.4298679550619512
44.800000000000004,0.5434594275692748,0.43805871464310375
44.900000000000006,0.5501145566328225,0.44621313784754013
45,0.55668486153526,0.4543045808603268
45.1,0.5631703422765871,0.4623181956841762
45.2,0.5695709988568035,0.4702499942299202
45.300000000000004,0.5757667912802333,0.478089622544802
45.400000000000006,0.5818013991900862,0.4858267266760687
45.5,0.5876943210530262,0.49345095267096334
45.6,0.5934455568690533,0.5009180521005776
45.7,0.5990082589198747,0.5081892023517923
45.800000000000004,0.6043701458714669,0.5152621881955394
45.900000000000006,0.6095573272059721,0.5221347944027545
46,0.6145698029233904,0.5288048057443685
46.1,0.6193815802960291,0.5352691795273017
46.2,0.6239466246068879,0.5415205240018139
46.300000000000004,0.6283039046500555,0.5475501003538565
46.400000000000006,0.6324534204255303,0.5533491697693812
46.5,0.6363920787946731,0.5589089934343361
46.6,0.6400866518460026,0.5642043492942347
46.7,0.6435589731182998,0.569221577835181
46.800000000000004,0.6468090426115657,0.5739692840540116
46.900000000000006,0.649836860325799,0.5784560729475655
47,0.6526633295462269,0.5826905495126816
47.1,0.6552800267625962,0.5866755387261992
47.2,0.6576840758300068,0.5904093181326527
47.300000000000004,0.6598754767484566,0.5938936715804248
47.400000000000006,0.661886907644375,0.5971303829178952
47.5,0.663724418432811,0.6001212359934461
47.6,0.6653713772156526,0.6028790298970729
47.7,0.6668277839929009,0.6054170304576395
47.800000000000004,0.6681195295747925,0.6077377216318383
47.900000000000006,0.6692867959312243,0.6098435873763599
48,0.6702942968161505,0.6117371116478949
48.1,0.6711420322295706,0.6134457194230497
48.2,0.6718398742692608,0.6149960450886893
48.300000000000004,0.6724710996512624,0.6163893867168877
48.400000000000006,0.6729801219493303,0.6176270423797237
48.5,0.6733669411634631,0.6187103101492747
48.6,0.6736315572936612,0.6196513302923935
48.7,0.6738756037908189,0.6204683087859711
48.800000000000004,0.6740543487652266,0.6211716422671354
48.900000000000006,0.6741562098615798,0.6217717273730157
49,0.6741811870798765,0.6222789607407403
49.1,0.6741936214635471,0.6227099120253732
49.2,0.6742008134870013,0.6230799442681667
49.300000000000004,0.6741729147044411,0.6233976441855343
49.400000000000006,0.6741099251158656,0.6236715984938894
49.5,0.6740312198847997,0.6239103939096446
49.6,0.673963107215192,0.6241172091867009
49.7,0.673881523362889,0.624296067867958
49.800000000000004,0.6737864683278891,0.6244568238533282
49.900000000000006,0.6736875923375885,0.6246093310427232
50,0.6736509394291097,0.6247634433360565
50.1,0.6736316840206967,0.6249157499760727
50.2,0.673629826112348,0.6250621420494432
50.300000000000004,0.6736453657040639,0.6252114262219707
50.400000000000006,0.6737034084158847,0.6253724091594567
50.5,0.6737920169889926,0.6255538975277057
50.6,0.6739088954740368,0.6257573390241873
50.7,0.6740540438710158,0.6259796493609109
50.800000000000004,0.6742182219413912,0.6262228372254801
50.900000000000006,0.6744009991006992,0.6264889113054987
51,0.67460627322792,0.6267798802885707
51.1,0.6748340443230552,0.627089731904884
51.2,0.6750804604691247,0.6274100457780581
51.300000000000004,0.675340958757517,0.627739218435841
51.400000000000006,0.6756199073648667,0.6280756464059803
51.5,0.6759173062911735,0.6284177262162254
51.6,0.6762301275834186,0.6287661788915694
51.7,0.676541175119063,0.6291215442579746
51.800000000000004,0.6768623295174012,0.6294819470446413
51.900000000000006,0.6771935907784308,0.6298455119807687
52,0.6775349589021541,0.6302103637955552
52.1,0.6778650150459128,0.630574952725351
52.2,0.678194664844077,0.6309378889451788
52.300000000000004,0.6785254072188122,0.631297537092253
52.400000000000006,0.6788572421701209,0.6316522618037891
52.5,0.6791792026116665,0.6320004277170005
52.6,0.679491463289182,0.6323406113075206
52.7,0.6797982185933389,0.6326716649651487
52.800000000000004,0.6800994685241363,0.6329923671983481
52.900000000000006,0.6803934856672478,0.6333014965155803
53,0.6806784924855596,0.6335978314253096
53.1,0.6809562803288839,0.6338817328476226
53.2,0.6812268491972202,0.6341560676096195
53.300000000000004,0.681488036804065,0.6344233730802766
53.400000000000006,0.681729485911704,0.6346861866285703
53.5,0.681958489259551,0.6349470456234787
53.6,0.6821750468476055,0.6351930403537895
53.7,0.6823791586758686,0.6354137702577521
53.800000000000004,0.6825698730518355,0.6356155364285326
53.900000000000006,0.6827477051120603,0.6358046399592973
54,0.6829127019452869,0.6359873819432122
54.1,0.6830648635515175,0.6361656251817907
54.2,0.6832148076829974,0.636338952112832
54.300000000000004,0.683361742855657,0.6365102432839429
54.400000000000006,0.6835020006284419,0.6366823792427275
54.5,0.6836355810013518,0.6368582405367892
54.6,0.6837673530165069,0.6370307457943107
54.7,0.6839016430629606,0.6371891973226391
54.800000000000004,0.6840338287335495,0.6373310511881275
54.900000000000006,0.6841639100282744,0.6374537634571285
55,0.6842908776335699,0.6375547901959946
55.1,0.6844106046765506,0.6376593093041009
55.2,0.6845260565979345,0.6377879792337332
55.300000000000004,0.6846372333977204,0.637931476880607
55.400000000000006,0.684744135075909,0.6380804791404401
55.5,0.6848481150299639,0.6382256629089481
55.6,0.684948399170895,0.6383639140348507
55.7,0.6850449470618826,0.6384958282281793
55.800000000000004,0.6851377587029283,0.6386176471766152
55.900000000000006,0.6852401880787343,0.6387256125678401
56,0.6853505046282538,0.6388159660895372
56.1,0.6854645584861084,0.638906957542257
56.2,0.6855823496522987,0.6390155073943434
56.300000000000004,0.685704855900351,0.6391358633351634
56.400000000000006,0.6858328213934479,0.6392622730540832
56.5,0.6859653957358804,0.6393889842404694
56.6,0.6861025789276489,0.6395147322074718
56.7,0.6862451233695589,0.6396417902324696
56.800000000000004,0.6863956787767999,0.6397697129511749
56.900000000000006,0.6865522991476085,0.6398980549993014
57,0.6867149844819846,0.6400263710125625
57.1,0.6868837347799276,0.6401614296968465
57.2,0.687065014947227,0.640308028238073
57.300000000000004,0.6872549377435794,0.6404627639919914
57.400000000000006,0.6874534312887554,0.6406222343143544
57.5,0.687660495582755,0.6407830365609164
57.6,0.6878881348229862,0.6409425601715238
57.7,0.6881341715066204,0.6411039444800264
57.800000000000004,0.6883952681125624,0.6412724116831809
57.900000000000006,0.6886714246408109,0.6414531839777469
58,0.6889642530927442,0.6416514835604799
58.1,0.6892747930030994,0.6418674488489251
58.2,0.6896017594738452,0.6420978430072912
58.300000000000004,0.6899451525049828,0.6423428253523297
58.400000000000006,0.6903083671211728,0.6426025552007919
58.5,0.6907017700063066,0.6428771918694278
58.6,0.6911175664894181,0.6431653862111592
58.7,0.6915557565705068,0.6434700824659294
58.800000000000004,0.6920164909767086,0.6437978800310213
58.900000000000006,0.6925213075235037,0.6441553783037177
59,0.6930568191237573,0.6445491766813003
59.1,0.6936230257774672,0.644977443720397
59.2,0.6942199274846338,0.6454314158970974
59.300000000000004,0.6948530875776623,0.6459072944878812
59.400000000000006,0.6955212251783793,0.6464012807692274
59.5,0.6962229653673185,0.6469095760176145
59.6,0.6969583081444803,0.6474471616825237
59.7,0.6977369403689959,0.6480329101839112
59.800000000000004,0.6985640783413618,0.64866885925397
59.900000000000006,0.6994326455687935,0.6493570466248937
60,0.7003426420512908,0.6500995100288728
60.1,0.7013028796602157,0.6508958104603726
60.2,0.7023368014369062,0.6517395685720695
60.300000000000004,0.7034263263819935,0.652623911583471
60.400000000000006,0.7045714544954815,0.6535419667140876
60.5,0.7057722367625032,0.6544868611834258
60.6,0.7070306366026602,0.6554732670118483
60.7,0.7083454181591677,0.6565243058693936
60.800000000000004,0.7097165814320293,0.6576457794500916
60.900000000000006,0.7111441264212416,0.6588434894479714
61,0.7126438988809641,0.6601232375570638
61.1,0.7142115196345166,0.6614858118056256
61.2,0.7158435353483008,0.6629244038130765
61.300000000000004,0.7175399460223167,0.6644334206601831
61.400000000000006,0.7193112183197637,0.6660072694277113
61.5,0.7211619652999647,0.6676403571964301
61.6,0.7230851815145858,0.6693404641720756
61.7,0.7250808669636291,0.6711222148266973
61.800000000000004,0.7271524097405441,0.6729902826405312
61.900000000000006,0.7293076893091842,0.674949341093817
62,0.7315404581195969,0.6770040636667902
62.1,0.7338507161717834,0.6791484506209914
62.2,0.7362383070297661,0.6813761841080961
62.300000000000004,0.7386998503817799,0.6836914604435428
62.400000000000006,0.7412375023320223,0.6860984759427712
62.5,0.7438512628804917,0.6886014269212196
62.6,0.7465411320271897,0.69120100022987
62.7,0.7493146644412008,0.6938956562825633
62.800000000000004,0.752169442641304,0.696686251739036
62.900000000000006,0.7551040291531457,0.6995736432590215
63,0.7581184239767246,0.7025586875022544
63.1,0.7612005768594711,0.7056347038294307
63.2,0.7643462630297031,0.7087966477134805
63.300000000000004,0.7675628670274003,0.7120478299824932
63.400000000000006,0.7708503888525629,0.7153915614645586
63.5,0.7742063753243146,0.7188311529877642
63.6,0.7776258290595451,0.7223675913690393
63.7,0.7811128337724512,0.725997453134363
63.800000000000004,0.7846673894630326,0.7297174336754065
63.900000000000006,0.7882880141923836,0.7335242283838377
64,0.7919529407225404,0.7374145326513255
64.10000000000001,0.7956762486104493,0.7413904351344041
64.2,0.79945793785611,0.7454500253172273
64.3,0.8032980084595219,0.7495839998328919
64.4,0.8071551683890518,0.753783055314494
64.5,0.8110443381423251,0.7580378883951314
64.60000000000001,0.8149722913698294,0.7623463994547213
64.7,0.8189390280715598,0.7667119362173153
64.8,0.8229223733090218,0.7711333663322137
64.9,0.8269164018224754,0.7756095574487125
65,0.8309335425963298,0.7801393772161085
65.10000000000001,0.8349737956305885,0.7847152096646974
65.2,0.8390132605643135,0.7893262765240057
65.3,0.843009255484988,0.7939667019921876
65.4,0.8469978318019519,0.7986306102673977
65.5,0.8509789895152038,0.8033121255477892
65.60000000000001,0.8549527286247425,0.8079895632093755
65.7,0.8589190491305706,0.8126492791281651
65.8,0.8628779510326849,0.8172974582523103
65.9,0.8668294343310899,0.8219402855299638
66,0.870773499025782,0.8265839459092781
66.10000000000001,0.8746047314807218,0.8312215494443905
66.2,0.8783857779993643,0.8358362954638762
66.3,0.8821329305204095,0.8404195028275508
66.4,0.8858461890438579,0.8449624903952277
66.5,0.889525553569708,0.8494565770267177
66.60000000000001,0.8931710240979621,0.8539219159843449
66.7,0.8967826006286203,0.8583686436170422
66.8,0.9003602831616788,0.8627730534145361
66.9,0.9038578577146498,0.8671114388665508
67,0.9072210360571935,0.8713600934628137
67.10000000000001,0.9105215974679491,0.8755258110859525
67.2,0.9137595419469178,0.8796311899587796
67.3,0.9169348694940962,0.8836762300812944
67.4,0.9200475801094867,0.8876609314534974
67.5,0.9230976737930896,0.8915852940753866
67.60000000000001,0.9260851505449036,0.8954301353187655
67.7,0.9290100103649298,0.8991773183133676
67.8,0.9318091645805385,0.9028284116960963
67.9,0.9345222105763373,0.9063849841038512
68,0.9371572312937553,0.9098486041735361
68.10000000000001,0.9397142267327939,0.9132252784090388
68.2,0.9421931968934487,0.9165156425937755
68.3,0.944594141775725,0.9197132092839432
68.4,0.946917061379619,0.9228114910357385
68.5,0.9491619557051313,0.9258040004053564
68.60000000000001,0.9513186255564823,0.9286933741318109
68.7,0.953376889692944,0.9314865739166502
68.8,0.9553511677009583,0.9341835997598742
68.9,0.9572414595805308,0.9367844516614837
69,0.9590477653316571,0.939289129621479
69.10000000000001,0.9607700849543395,0.9417083891754858
69.2,0.9624084184485752,0.9440502404440313
69.3,0.9639627658143671,0.9463105653044606
69.4,0.9654331270517138,0.9484852456341202
69.5,0.9668494910325387,0.9505701633103558
69.60000000000001,0.9681920840402992,0.952564714304516
69.7,0.9694578178675347,0.9544710400030584
69.8,0.9706466925142447,0.9562891404059808
69.9,0.9717587079804293,0.9580190155132834
70,0.9727938642660899,0.9596606653249645
70.10000000000001,0.9737521613712254,0.9611948671956553
70.2,0.9746335992958355,0.9626238869233367
70.3,0.9754956808796492,0.9639799571730405
70.4,0.9763867585181377,0.9652953106097956
70.5,0.9772326835850802,0.9666021798986362
70.60000000000001,0.9780334560804761,0.9678820591486265
70.7,0.9787890760043259,0.9690949540254716
70.8,0.979499543356629,0.970240864529178
70.9,0.9801648581373854,0.9713197906597396
71,0.9807850203465965,0.9723317324171606
71.10000000000001,0.9813600299842606,0.9732766898014388
71.2,0.981889887050379,0.9741546628125751
71.3,0.9823745915449488,0.974965651450569
71.4,0.9828141434679742,0.9757096557154219
71.5,0.9832085428194527,0.9763866756071308
71.60000000000001,0.9835577895993846,0.9769885739484951
71.7,0.9838618838077708,0.9775275936647871
71.8,0.9841208254446098,0.9780343049097219
71.9,0.9843346145099017,0.9785392778370163
72,0.9845828524271991,0.9790730826003825
72.10000000000001,0.9849067539972866,0.9796129581455715
72.2,0.9852067815755715,0.9801157633158544
72.3,0.9854829351620598,0.9805814981112281
72.4,0.9857352147567474,0.9810101625316939
72.5,0.9859636203596356,0.9814017565772541
72.60000000000001,0.9861681519707252,0.9817562802479047
72.7,0.9863488095900159,0.9820737335436498
72.8,0.9865055932175063,0.9823541164644852
72.9,0.9866385028531983,0.9825974290104142
73,0.9867475384970908,0.9828036711814351
73.10000000000001,0.986832700149183,0.9829835295936218
73.2,0.9868939878094779,0.9831545137322257
73.3,0.9869314014779723,0.983326857901019
73.4,0.986944941154668,0.9835107964037683
73.5,0.9869346068395639,0.9837165635442443
73.60000000000001,0.9869003985326601,0.9839298125061045
73.7,0.9869202506071693,0.9841293736038295
73.8,0.987025120029223,0.9843152468374183
73.9,0.9871259045380527,0.9844874322068704
74,0.9872226041336577,0.9846459297121883
74.10000000000001,0.9873152188160389,0.9847907393533686
74.2,0.987403748585195,0.984921861130413
74.3,0.9874881934411269,0.9850392950433218
74.4,0.9875685533838345,0.9851430410920949
74.5,0.9876448284133171,0.9852330992767314
74.60000000000001,0.987717018529576,0.9853249134453469
74.7,0.9877851237326096,0.9854320383642003
74.8,0.9878491440224187,0.9855516404105146
74.9,0.9879090793990039,0.9856808859615099
75,0.9879649298623642,0.985816941394406
75.10000000000001,0.9880166954124995,0.985954635795035
75.2,0.9880643760494107,0.9860906873310785
75.3,0.9881079717730978,0.9862250960025392
75.4,0.988175655720221,0.9863578618094132
75.5,0.9882755391050316,0.9864889847517037
75.60000000000001,0.9883781491419709,0.98661846482941
75.7,0.9884834858310378,0.986746302042532
75.8,0.9885915491722355,0.9868724963910688
75.9,0.98870233916556,0.9869970478750214
76,0.9888158558110143,0.9871199564943882
76.10000000000001,0.9889320991085966,0.9872463371796456
76.2,0.9890510690583095,0.9873797620881513
76.3,0.9891727656601498,0.9875179170602384
76.4,0.9892971889141202,0.9876584879362391
76.5,0.989424338820219,0.9877991605564843
76.60000000000001,0.9895542153784459,0.9879394519125816
76.7,0.9896868185888026,0.9880804217692446
76.80000000000001,0.9898221484512876,0.9882220701264751
76.9,0.9899602049659013,0.9883643969842725
77,0.9901009881326445,0.9885074023426353
77.10000000000001,0.9902336097309524,0.9886510862015647
77.2,0.9903560192239105,0.9887954485610625
77.30000000000001,0.9904786433118464,0.9889404894211264
77.4,0.9906014819947597,0.9890862087817578
77.5,0.9907245352726477,0.989232606642954
77.60000000000001,0.9908478031455132,0.9893796830047177
77.7,0.9909712856133575,0.9895274378670492
77.80000000000001,0.9910949826761756,0.9896758712299468
77.9,0.9912188943339699,0.9898249830934107
78,0.9913430205867437,0.9899747734574422
78.10000000000001,0.9914673614344918,0.9901252423220402
78.2,0.9915919168772169,0.990276389687204
78.30000000000001,0.9917166869149194,0.9904282155529355
78.4,0.9918416715475992,0.9905807199192324
78.5,0.9919668707752534,0.9907339027860974
78.60000000000001,0.9920922845978867,0.9908888270758922
78.7,0.9922179130154953,0.9910444837413332
78.80000000000001,0.9923437560280806,0.9911977648279559
78.9,0.9924698136356429,0.9913455623812926
79,0.9925960858381818,0.991484768446877
79.10000000000001,0.9927225726356973,0.9916182229453252
79.2,0.9928492740281891,0.9917508377668977
79.30000000000001,0.9929761900156581,0.9918826129115947
79.4,0.9931033205981029,0.992013548379415
79.5,0.9932306657755251,0.992143644170359
79.60000000000001,0.9933582255479232,0.9922729002844278
79.7,0.9934859999152992,0.992401316721621
79.80000000000001,0.9936139888776504,0.9925288934819378
79.9,0.9937421924349805,0.9926556305653786
80,0.9938706105872855,0.992781527971942
80.10000000000001,0.9939992433345666,0.992906585701632
80.2,0.9941280906768261,0.9930308037544456
80.30000000000001,0.9942571526140604,0.9931541821303816
80.4,0.9943864291462723,0.9932767208294431
80.5,0.9945022855106752,0.9933984198516275
80.60000000000001,0.9946056285035316,0.9935192791969378
80.7,0.9947077229741499,0.9936392988653693
80.80000000000001,0.9948085689225309,0.9937584788569285
80.9,0.9949081663486747,0.9938768191716091
81,0.9950065152525795,0.9939943198094146
81.10000000000001,0.9951036156342478,0.9941109807703443
81.2,0.9951994674936765,0.9942268020543976
81.30000000000001,0.9952940708308676,0.9943417836615756
81.4,0.9953874256458229,0.9944559255918777
81.5,0.9954795319385386,0.9945692278453023
81.60000000000001,0.9955703897090165,0.994679837593914
81.7,0.9956599989572572,0.9947861635081401
81.80000000000001,0.9957483596832587,0.9948885978355293
81.9,0.9958354718870241,0.9949875328236286
82,0.9959213355685501,0.9950833607199856
82.10000000000001,0.9960059507278383,0.9951769284375211
82.2,0.9960893173648893,0.9952688213907912
82.30000000000001,0.9961714354797019,0.9953590395797927
82.4,0.9962523050722771,0.9954475830045288
82.5,0.9963319261426146,0.9955344516649974
82.60000000000001,0.9964102986907144,0.9956196455611996
82.7,0.9964874227165749,0.9957031646931339
82.80000000000001,0.9965632982201983,0.995785009060803
82.9,0.9966379252015846,0.9958651786642047
83,0.9967113036607325,0.9959436735033397
83.10000000000001,0.9967834335976421,0.9960204935782079
83.2,0.9968543150123145,0.9960956388888089
83.30000000000001,0.996923947904748,0.9961691094351433
83.4,0.996992332274944,0.996240905217212
83.5,0.9970594681229015,0.996311026235013
83.60000000000001,0.9971253554486237,0.9963794724885479
83.7,0.9971899942521055,0.9964462439778144
83.80000000000001,0.9972533845333506,0.9965113407028156
83.9,0.9973143977751324,0.996574762663549
84,0.9973732716631492,0.9966365098600175
84.10000000000001,0.9974307852303952,0.9966965822922171
84.2,0.9974869384768689,0.996754979960151
84.30000000000001,0.9975417314025712,0.996811702863818
84.4,0.9975951640075028,0.9968667510032184
84.5,0.9976472362916604,0.996920124378352
84.60000000000001,0.9976979482550484,0.9969757711705878
84.7,0.9977472998976653,0.9970360468415028
84.80000000000001,0.9977952912195103,0.9970985623114037
84.9,0.9978419222205823,0.9971609285005998
85,0.9978871929008838,0.9972207563293967
85.10000000000001,0.9979311032604142,0.9972780387353563
85.2,0.9979736532991729,0.997334361375835
85.30000000000001,0.9980148430171593,0.9973897242508349
85.4,0.9980546724143741,0.9974441273603555
85.5,0.9980931414908174,0.9974975707043932
85.60000000000001,0.9981302502464895,0.997550054282953
85.7,0.9981659986813913,0.9976015780960321
85.80000000000001,0.9982003867955193,0.9976521421436312
85.9,0.998233414588876,0.997701746425751
86,0.9982650820614614,0.9977503909423894
86.10000000000001,0.9982953892132765,0.9977980756935485
86.2,0.9983243360443195,0.9978448006792279
86.30000000000001,0.9983519225545898,0.9978905658994265
86.4,0.9983781487440893,0.9979353713541462
86.5,0.9984030146128166,0.9979792170433853
86.60000000000001,0.9984265201607732,0.9980221029671439
86.7,0.9984486653879581,0.9980640291254228
86.80000000000001,0.9984694502943716,0.9981049955182214
86.9,0.9984888748800124,0.99814500214554
87,0.998506939144883,0.9981840490073786
87.10000000000001,0.9985236430889818,0.9982221361037363
87.2,0.9985389867123089,0.998259263434614
87.30000000000001,0.9985629700573843,0.9982954310000131
87.4,0.998592248389513,0.9983306387999331
87.5,0.9986210862512167,0.9983648868343705
87.60000000000001,0.998649483642499,0.9983981751033286
87.7,0.9986774405633579,0.9984305036068064
87.80000000000001,0.9987049570137949,0.9984618723448058
87.9,0.9987320329938087,0.9984922813173241
88,0.9987586685033998,0.9985217305243617
88.10000000000001,0.9987848635425685,0.9985502199659191
88.2,0.9988106181113153,0.9985777496419975
88.30000000000001,0.9988359322096388,0.9986043195525954
88.4,0.9988608058375394,0.998629929697713
88.5,0.998885238995018,0.9986545800773503
88.60000000000001,0.9989092316820748,0.9986782706915084
88.7,0.9989327838987072,0.9987010015401866
88.80000000000001,0.998955895644918,0.9987227726233836
88.9,0.9989785669207047,0.9987435839411
89,0.9990007977260701,0.9987634354933388
89.10000000000001,0.9990225880610134,0.9987823272800966
89.2,0.9990439379255331,0.9988002593013735
89.30000000000001,0.9990648473196294,0.9988172315571717
89.4,0.9990853162433047,0.9988332440474891
89.5,0.9991053446965561,0.9988482967723255
89.60000000000001,0.9991249326793868,0.9988623897316828
89.7,0.9991440801917935,0.9988755229255605
89.80000000000001,0.9991627872337775,0.9988876963539577
89.9,0.9991810538053397,0.9988989100168748
90,0.9991988799064785,0.998909163914311
90.10000000000001,0.9992162655371936,0.9989177765200443
90.2,0.9992332106974865,0.9989244985140273
90.30000000000001,0.999249715387359,0.9989299782055229
90.4,0.9992657796068067,0.9989348639037946
90.5,0.9992814033558327,0.9989398039181041
90.60000000000001,0.9992965866344353,0.9989449871935225
90.7,0.9993113294426168,0.9989501704689403
90.80000000000001,0.999325631780374,0.9989553537443571
90.9,0.9993394936477098,0.9989605370197762
91,0.9993529150446218,0.9989657202951938
91.10000000000001,0.9993658959711119,0.9989709035706118
91.2,0.9993784364271793,0.9989760868460293
91.30000000000001,0.9993905364128244,0.998981270121447
91.4,0.9994021959280458,0.9989864533968648
91.5,0.9994134149728462,0.9989916366722826
91.60000000000001,0.999424193547222,0.9989968199477013
91.7,0.9994345316511766,0.999002003223119
91.80000000000001,0.9994444292847069,0.999007186498536
91.9,0.999453886447817,0.9990123697739541
92,0.9994629031405029,0.9990175530493722
92.10000000000001,0.9994714793627655,0.999022736324789
92.2,0.9994796151146073,0.9990279196002076
92.30000000000001,0.9994873103960256,0.9990331028756257
92.4,0.9994945652070215,0.9990382861510441
92.5,0.9995013795475953,0.9990434694264619
92.60000000000001,0.9995077534177463,0.999048652701879
92.7,0.999513686817474,0.9990538359772964
92.80000000000001,0.9995191797467794,0.9990590192527156
92.9,0.99952423220566,0.9990642025281329
93,0.9995288441941221,0.9990693858035503
93.10000000000001,0.999533015712159,0.9990745690789684
93.2,0.9995367467597729,0.9990797523543852
93.30000000000001,0.999540037336965,0.9990849356298038
93.4,0.9995428874437351,0.9990901189052219
93.5,0.9995452970800816,0.99909530218064
93.60000000000001,0.9995472662460054,0.9991004854560576
93.7,0.9995487949415077,0.9991056687314757
93.80000000000001,0.999549883166586,0.999110852006894
93.9,0.9995505309212435,0.9991160352823105
94,0.9995507382054769,0.9991212185577286
94.10000000000001,0.9995514896815195,0.9991264018331467
94.2,0.9995525673440653,0.9991315851085645
94.30000000000001,0.9995536450066118,0.9991367683839829
94.4,0.9995547226691586,0.9991419516594007
94.5,0.9995558003317049,0.9991471349348191
94.60000000000001,0.9995568779942506,0.9991523182102358
94.7,0.9995579556567963,0.9991575014856542
94.80000000000001,0.9995590333193426,0.999162684761072
94.9,0.9995601109818893,0.9991678680364894
95,0.999561188644437,0.9991730513119075
95.10000000000001,0.9995622663069819,0.9991782345873259
95.2,0.9995633439695276,0.9991834178627432
95.30000000000001,0.999564421632074,0.9991886011381619
95.4,0.9995654992946211,0.9991937844135791
95.5,0.9995665769571654,0.9991989676889964
95.60000000000001,0.9995676546197123,0.999204002167398
95.7,0.9995687322822592,0.9992087529591678
95.80000000000001,0.9995698099448043,0.9992132409254108
95.9,0.9995708876073511,0.9992174869272284
96,0.9995719652698984,0.9992215118257244
96.10000000000001,0.9995730429324446,0.9992254331262617
96.2,0.9995741205949898,0.9992293544267973
96.30000000000001,0.9995751982575369,0.9992332757273337
96.4,0.9995762759200827,0.9992371970278697
96.5,0.9995773535826287,0.9992411183284071
96.60000000000001,0.9995784312451751,0.9992450396289428
96.7,0.9995795089077216,0.9992489609294796
96.80000000000001,0.9995805865702677,0.9992528822300157
96.9,0.9995816642328125,0.9992568035305522
97,0.9995827418953597,0.9992607248310885
97.10000000000001,0.9995838195579059,0.9992646461316242
97.2,0.9995848972204516,0.9992685674321614
97.30000000000001,0.9995859748829986,0.999272488732697
97.4,0.9995870525455436,0.9992764100332338
97.5,0.9995881302080912,0.9992803313337701
97.60000000000001,0.9995892078706363,0.9992842526343076
97.7,0.999590285533184,0.9992881739348419
97.80000000000001,0.999591363195729,0.9992920952353797
97.9,0.9995924408582761,0.9992960165359153
98,0.9995935185208228,0.9992999378364509
98.10000000000001,0.9995945961833679,0.999303859136988
98.2,0.9995956738459144,0.9993077804375248
98.30000000000001,0.9995967515084604,0.9993117017380612
98.4,0.9995978291710061,0.9993156230385979
98.5,0.9995989068335529,0.9993195443391343
98.60000000000001,0.9995999844960994,0.9993234656396702
98.7,0.9996010621586457,0.9993273869402063
98.80000000000001,0.9996021398211914,0.9993313082407426
98.9,0.9996032174837383,0.9993352295412795
99,0.9996042951462847,0.9993391508418157
99.10000000000001,0.9996053728088302,0.9993430721423526
99.2,0.999606450471375,0.9993469934428881
99.30000000000001,0.9996075281339226,0.9993509147434243
99.4,0.9996086057964689,0.9993548360439605
99.5,0.9996096834590152,0.9993587573444976
99.60000000000001,0.9996107611215622,0.9993626786450339
99.7,0.9996118387841065,0.9993665999455698
99.80000000000001,0.9996129164466534,0.999370521246107
99.9,0.999613994109199,0.9993744425466434
100,0.9996150717717465,0.9993783638471795
