% Model,COMSOL_Single_Pipe.mph
% Version,COMSOL 6.3.0.420
% Date,"Feb 17 2026, 11:12"
% Table,Table_c_Sensor - c_Pipe_1_Sensor
% Time (s),c_Pipe_1 (mol/m^3),c_Pipe_1_Phase_2 (mol/m^3)
0,3.05243778183384E-295,1.057034532268275E-121
0.01,1.2268450935603556E-260,1.6339743344518654E-19
0.02,5.453629657001382E-256,5.9362138098392E-14
0.03,-6.789692549805058E-253,5.784409100656086E-13
0.04,-6.578860010715538E-250,-4.431123355508654E-13
0.05,-4.3796074786690995E-188,-3.4797338376343182E-12
0.06,-4.911328955564635E-185,-5.029127405164568E-12
0.07,-3.620264473546096E-182,-1.0802752719895242E-11
0.08,-2.608778243268096E-179,-1.247947552436979E-11
0.09,-2.518655274503483E-176,-2.0549658898549054E-11
0.1,-2.6221659681758953E-115,-3.141421558258159E-11
0.11,-1.4645784558160327E-112,-4.3311541417344906E-11
0.12,-1.2017309388039605E-109,-5.729600916759192E-11
0.13,-3.8215245831415756E-107,-7.035318403888933E-11
0.14,-4.055988425016768E-105,-8.487052999666815E-11
0.15,-2.8358909027135777E-103,-9.861123884261402E-11
0.16,-6.886783250870723E-101,-1.1060773117502918E-10
0.17,-4.442349591348391E-99,-1.2288560294141613E-10
0.18,-1.937107486163548E-97,-1.372025373260242E-10
0.19,-1.7050567903994324E-95,-1.5200880736102134E-10
0.2,-8.498766781357618E-94,-1.6553606920876579E-10
0.21,2.3766785645069895E-61,-1.7864407192646756E-10
0.22,1.358534420378714E-60,-1.9272276100802292E-10
0.23,9.547769495627314E-60,-2.0745387323934468E-10
0.24,7.359497754257019E-59,-2.2128357852591559E-10
0.25,4.5739833195866305E-58,-2.336741586760566E-10
0.26,2.0597410947881872E-57,-2.455075368268234E-10
0.27,1.7187448193444362E-56,-2.572989680084967E-10
0.28,1.2401642470890606E-55,-2.685179945488563E-10
0.29,6.514055898949258E-55,-2.762989897343135E-10
0.3,3.764666403285601E-54,-2.802300062484976E-10
0.31,2.9413735147353727E-53,-2.76413760896855E-10
0.32,1.8847551137331195E-52,-2.661214999848808E-10
0.33,7.565178903793857E-52,-2.4893880304042606E-10
0.34,6.056081067744557E-51,-2.2778133910526053E-10
0.35000000000000003,4.1726915744763777E-50,-2.0476448664059732E-10
0.36,2.2101091503344E-49,-1.8056162920393096E-10
0.37,1.0433589169741742E-48,-1.5531532723212235E-10
0.38,7.219878338401204E-48,-1.2747391389938899E-10
0.39,4.167822057489513E-47,-9.712939876060226E-11
0.4,1.737463363179517E-46,-6.283311691329064E-11
0.41000000000000003,9.777180354295864E-46,-2.4665025075975435E-11
0.42,1.924372793260492E-33,1.8108748538928287E-11
0.43,6.97808425463184E-33,6.491639984333994E-11
0.44,1.4715561395862736E-32,1.1558859161886487E-10
0.45,6.530442697428445E-32,1.6839431174108772E-10
0.46,1.445804900366362E-31,2.2326262804398053E-10
0.47000000000000003,4.548035558546377E-31,2.786874103083109E-10
0.48,1.2920462389778523E-30,3.3508069932394943E-10
0.49,2.479471068849543E-30,3.920510269846926E-10
0.5,1.0326317400353599E-29,4.49553333802738E-10
0.51,2.270770775994513E-29,5.073161966657831E-10
0.52,6.855904608934936E-29,5.651387865284111E-10
0.53,1.8631894157182186E-28,6.228729013748552E-10
0.54,3.5244918226379245E-28,6.808358862022966E-10
0.55,1.3230782311476442E-27,7.390870299269381E-10
0.56,2.821765248849588E-27,7.987435124507561E-10
0.5700000000000001,7.805988670676677E-27,8.601184140969076E-10
0.58,1.983724212363527E-26,9.254335400733007E-10
0.59,3.667501191213163E-26,9.973040635922836E-10
0.6,1.2054415567176393E-25,1.0799836476121936E-9
0.61,2.4696688304979717E-25,1.1876254880663128E-9
0.62,6.209331806639126E-25,1.3257849888691496E-9
0.63,1.4655934288104598E-24,1.5576332020270068E-9
0.64,2.6363910946134567E-24,1.8917448070528937E-9
0.65,7.620688096139246E-24,2.5123739948455925E-9
0.66,1.4953192208624343E-23,3.4959361511518703E-9
0.67,3.4432428757356583E-23,5.219533555379008E-9
0.68,7.566453096345519E-23,8.116620708548295E-9
0.6900000000000001,1.3350205962849863E-22,1.2777765255139026E-8
0.7000000000000001,3.4110684880419513E-22,2.0897013032074864E-8
0.71,6.412071183535857E-22,3.29355081319187E-8
0.72,1.366725421000866E-21,5.442631729290721E-8
0.73,2.811398615863384E-21,9.126922295084253E-8
0.74,4.856354624664833E-21,1.9623070919318917E-7
0.75,1.1153732396214018E-20,3.5215298240293834E-7
0.76,2.011759374703417E-20,5.590360425800931E-7
0.77,4.0076471465454175E-20,9.27924592177058E-7
0.78,7.762490827879196E-20,1.4981345493662526E-6
0.79,1.3081872616811096E-19,2.2101112898681855E-6
0.8,2.7466940427134583E-19,3.2515329180918475E-6
0.81,4.762828830164341E-19,4.965871237506873E-6
0.8200000000000001,8.937889506027725E-19,7.112619451289947E-6
0.8300000000000001,1.6389968300607645E-18,9.84482692766217E-6
0.84,2.6898068850796267E-18,1.4385668015318485E-5
0.85,5.230833810987718E-18,2.0039509921511648E-5
0.86,8.737392695581194E-18,2.6806352646241263E-5
0.87,1.55432507286291E-17,3.741949429000025E-5
0.88,2.711301640477622E-17,5.081363024110561E-5
0.89,4.328975035234545E-17,6.677779895467633E-5
0.9,7.876842067663815E-17,8.905020998501607E-5
0.91,1.2697378775480506E-16,1.1800169649885E-4
0.92,2.1519683309948777E-16,1.5233135199997137E-4
0.93,3.5852477776717845E-16,1.961346102859202E-4
0.9400000000000001,5.566754496995587E-16,2.537768309413521E-4
0.9500000000000001,9.552650738310033E-16,3.2168630643325405E-4
0.96,1.4884561269421348E-15,4.0292344571346827E-4
0.97,2.4128033531516297E-15,5.094978854719819E-4
0.98,3.852074067874705E-15,6.340811481802148E-4
0.99,5.8150866826416784E-15,7.767199698156736E-4
1,9.468309243353261E-15,9.610585702315998E-4
1.01,1.4278692922327978E-14,0.0011746257364136966
1.02,2.220640326481526E-14,0.0014174214683619624
1.03,3.406683011758581E-14,0.0017126636028144998
1.04,5.988245905049304E-14,0.00205709652544982
1.05,1.8937739153309871E-13,0.0024457020388361774
1.06,3.8109875771969987E-13,0.0028974807087788234
1.07,6.350465576102946E-13,0.0034231518541331784
1.08,9.51220791204868E-13,0.004011289549023378
1.09,1.4279310228280105E-12,0.0046736818583333105
1.1,2.635440568616353E-12,0.0054367308577284185
1.11,4.1487807815348234E-12,0.006282754958293443
1.12,5.967951661583547E-12,0.007215136492461701
1.1300000000000001,8.092953208762355E-12,0.008273226662021023
1.1400000000000001,1.3273892827690822E-11,0.00943515232353055
1.1500000000000001,2.1420824973961262E-11,0.01070091347699
1.16,3.1457785869182635E-11,0.012104288354581397
1.17,4.3384775513355494E-11,0.013634192245888244
1.18,1.0164362570413307E-10,0.015286853713416558
1.19,4.116885180734453E-10,0.01708048492281996
1.2,8.240345314279686E-10,0.01901889246338079
1.21,1.338681665767723E-9,0.021094643608303987
1.22,1.9556299210926686E-9,0.023314060762409883
1.23,2.5303411668349905E-9,0.02568547170950108
1.24,3.0797212850098513E-9,0.028202509511912104
1.25,3.652455557665219E-9,0.030865449830464745
1.26,4.248543984800949E-9,0.03367567239335023
1.27,4.9170639056763185E-9,0.036632359332460174
1.28,5.838604520553059E-9,0.039735510647794584
1.29,6.877552269182081E-9,0.04297151756523347
1.3,8.033907151563509E-9,0.04634690901668384
1.31,9.3076691676973E-9,0.04986204649464097
1.32,1.1594800548030452E-8,0.05349734902286215
1.33,1.4721570416534113E-8,0.05725391121841985
1.34,1.8430762802472246E-8,0.06113687729827719
1.35,2.272237770584466E-8,0.06512875656084789
1.36,2.8436710829486063E-8,0.06921670858841741
1.37,3.807477047757131E-8,0.07341285991638458
1.3800000000000001,4.9690955908188455E-8,0.07770670073322247
1.3900000000000001,6.328526712133792E-8,0.08206930505038197
1.4000000000000001,7.88577041170168E-8,0.08651930368955715
1.41,1.0446650555634508E-7,0.09105456611218107
1.42,1.3798070602053604E-7,0.09563335916467838
1.43,1.774549751951146E-7,0.10027839395583901
1.44,2.228893130800813E-7,0.10498967048566461
1.45,2.815367162080257E-7,0.10973413902483654
1.46,3.7103395153304143E-7,0.11452043616610179
1.47,4.771049821744649E-7,0.11935348387402925
1.48,5.997498081322588E-7,0.12421410308463597
1.49,7.389684294064971E-7,0.1290959311056979
1.5,9.501065346659973E-7,0.134008079656647
1.51,1.2149353851891394E-6,0.13894186229135172
1.52,1.522423559414861E-6,0.14388324325339027
1.53,1.8725710573430693E-6,0.14884235933632448
1.54,2.3109387699930336E-6,0.15381686167634137
1.55,2.9285260695404778E-6,0.15879127767795434
1.56,3.6482743161596283E-6,0.16377454079021952
1.57,4.470183509850288E-6,0.16876665101314084
1.58,5.394253650612829E-6,0.17375620343714768
1.59,6.701250592906632E-6,0.17874805000341004
1.6,8.281870791239067E-6,0.1837428425622835
1.61,1.009108010761063E-5,0.1887357000403921
1.62,1.2128878542021026E-5,0.19372644194418892
1.6300000000000001,1.4608667865689696E-5,0.19871660017301046
1.6400000000000001,1.7881030085263037E-5,0.20370467372433465
1.6500000000000001,2.163330725363419E-5,0.2086892671190003
1.6600000000000001,2.5865499370803078E-5,0.21367157937666864
1.67,3.0577606436769354E-5,0.21865143087788944
1.68,3.685781002439946E-5,0.22362820869606018
1.69,4.422205265689973E-5,0.22860229420386066
1.7,5.253508138025821E-5,0.23357370093236282
1.71,6.179689619447527E-5,0.23854311405075873
1.72,7.27759713650029E-5,0.2435101679706572
1.73,8.650819796166241E-5,0.24847486269204608
1.74,1.0201238752257552E-4,0.25343820545208046
1.75,1.1928854004774806E-4,0.25840000636927674
1.76,1.383366555371734E-4,0.26336007469521794
1.77,1.6245804552322525E-4,0.2683191385367192
1.78,1.9001388359943963E-4,0.27327754000853355
1.79,2.2070473542597945E-4,0.27823487850640083
1.8,2.5453060100285614E-4,0.28319145501793763
1.81,2.936642384099524E-4,0.28814786450511254
1.82,3.404932232864832E-4,0.2931036977063893
1.83,3.925893894813634E-4,0.2980589818748558
1.84,4.499527369945858E-4,0.3030139657003038
1.85,5.125832658261549E-4,0.30796850901356637
1.86,5.884445300632907E-4,0.3129226118146393
1.87,6.732006111626329E-4,0.317876074444876
1.8800000000000001,7.663787599733941E-4,0.3228289701333733
1.8900000000000001,8.679789764955387E-4,0.32778131686100037
1.9000000000000001,9.828867833184774E-4,0.3327329593883718
1.9100000000000001,0.0011154287017845392,0.3376838760109658
1.92,0.0012608116768737987,0.3426341242076333
1.93,0.0014190357085862079,0.3475836558272322
1.94,0.0015901007969217969,0.3525324151504251
1.95,0.0017894080971245585,0.35748044653254823
1.96,0.0020078809890149395,0.3624277328401581
1.97,0.002245056597932874,0.36737420049100916
1.98,0.0025009349238783686,0.3723198938754554
1.99,0.0027842978969350447,0.377264812993489
2,0.003101300637421418,0.3822087770936578
2.0100000000000002,0.0034443663257116056,0.387151878604598
2.02,0.0038134949618055195,0.39209411910210723
2.0300000000000002,0.004208686545703331,0.39703525599727285
2.04,0.004653811715259463,0.40197531570827516
2.05,0.005133799632018219,0.40691435486904504
2.06,0.005648588787158919,0.41185209833419845
2.07,0.006198179180681352,0.41678837373033684
2.08,0.0067951104989437865,0.42172335580259873
2.09,0.007446146321689909,0.42665679788198235
2.1,0.00814176631845715,0.4315881026187959
2.11,0.008881970489245774,0.4365176639042512
2.12,0.009667436641548396,0.44144538721523896
2.13,0.010525295854984473,0.4463699622413719
2.14,0.0114380190555968,0.4512921113007118
2.15,0.012405606243385558,0.4562118343932558
2.16,0.013428057418350604,0.4611274846152264
2.17,0.014519158292274936,0.46603956139076086
2.18,0.01568438072833986,0.4709482715056453
2.19,0.016914518920453828,0.4758521637148756
2.2,0.018209572868617237,0.4807508689450049
2.21,0.019570801902633835,0.4856450153846917
2.22,0.021020912960011694,0.49053354658429044
2.23,0.022544937694641574,0.49541495696247967
2.24,0.02414287610652307,0.5002903715316537
2.25,0.02581472819565645,0.5051592643853655
2.2600000000000002,0.027570914015319803,0.5100187248724437
2.27,0.029414250423769436,0.514870460570581
2.2800000000000002,0.03133862680383013,0.5197144714797762
2.29,0.03334404315550066,0.5245465358913948
2.3000000000000003,0.03543147896778571,0.529368593489547
2.31,0.03761189310262859,0.5341808047359001
2.32,0.03987790239464464,0.5389794052429042
2.33,0.042229506843833996,0.5437644757752129
2.34,0.04466670645019672,0.5485370767559875
2.35,0.04719186108027765,0.5532942748720884
2.36,0.04980534141085535,0.5580337070170728
2.37,0.05250593550155541,0.5627575201129428
2.38,0.055293643352379386,0.5674640131304077
2.39,0.058167970088948494,0.5721481099302935
2.4,0.061125030185821126,0.5768130355264736
2.41,0.06416750428430426,0.5814584986802561
2.42,0.0672953923843978,0.5860769708599894
2.43,0.07050869448609963,0.5906725176463566
2.44,0.0737995780547729,0.5952451390393529
2.45,0.07716761117695493,0.5997885942727768
2.46,0.08061630206688514,0.6043043450577684
2.47,0.08414565072456233,0.6087934148884101
2.48,0.0877529396220695,0.6132516774290874
2.49,0.09142220215436409,0.6176775538840579
2.5,0.09516474404154239,0.6220731188757848
2.5100000000000002,0.09898056528360569,0.6264360808399239
2.52,0.10286966588055024,0.6307624398221144
2.5300000000000002,0.10681585126028278,0.6350550288738603
2.54,0.11081972211814077,0.6393130740069407
2.5500000000000003,0.11488756864571244,0.6435308435255559
2.56,0.11901939084300167,0.647711615600574
2.57,0.12321053269222071,0.6518553902319866
2.58,0.12743972340097795,0.6559566566861074
2.59,0.1317224624168104,0.6600176386968603
2.6,0.1360587497397211,0.6640387190035386
2.61,0.140448585369706,0.6680165685282802
2.62,0.14487228852863968,0.6719509374136047
2.63,0.14933223984287652,0.675842940084858
2.64,0.15383501762212778,0.6796910284165678
2.65,0.15838062186638682,0.6834936348761952
2.66,0.16296366548457528,0.6872520651684493
2.67,0.16756454033496923,0.6909658961960765
2.68,0.172197995704336,0.6946335548572689
2.69,0.17686403159267464,0.6982560080771316
2.7,0.18156264799998542,0.7018332525559559
2.71,0.1862760469547251,0.7053649050194529
2.72,0.19100774466457549,0.7088511685055079
2.73,0.19576280850531247,0.7122920430141015
2.74,0.20054123847693342,0.7156884171092326
2.75,0.20533830741836107,0.7190401495814993
2.7600000000000002,0.21014008931592776,0.7223470575794205
2.77,0.21495743782593163,0.725610362505796
2.7800000000000002,0.21979035294837346,0.7288307085224295
2.79,0.22463883468325502,0.7320073854855598
2.8000000000000003,0.22949031402276993,0.7351413131490674
2.81,0.23434815702522485,0.7382344556245761
2.82,0.23921537059077685,0.7412854844192921
2.83,0.2440919547194302,0.7442947163555579
2.84,0.24897471802560925,0.7472654953891755
2.85,0.2538559765619608,0.750195953085985
2.86,0.25874196322001763,0.7530860894459932
2.87,0.2636326779997823,0.7559394429239539
2.88,0.26852812090124517,0.7587547995425752
2.89,0.2734211816658515,0.7615317937301408
2.9,0.278314224169503,0.7642730952252452
2.91,0.2832086513236951,0.7669791902626648
2.92,0.28810446312841853,0.7696490285160342
2.93,0.2929999094825345,0.7722842896233056
2.94,0.2978915287430111,0.7748870804082972
2.95,0.30278225931538305,0.7774557660320058
2.96,0.30767210119964034,0.7799911136058266
2.97,0.3125610543957875,0.7824967409519176
2.98,0.31744608367857385,0.7849704894111625
2.99,0.32232837937524433,0.7874123589835793
3,0.3272084226758427,0.7898268787229912
3.0100000000000002,0.3320862135803728,0.7922118205573666
3.02,0.3369611490836055,0.7945670953426415
3.0300000000000002,0.3418322481775183,0.7968957037434885
3.04,0.34670038818876014,0.7991974163944541
3.0500000000000003,0.35156556911734194,0.8014714789723376
3.06,0.356427790963264,0.8037195931034881
3.0700000000000003,0.3612861519251269,0.8059429364597597
3.08,0.3661410555505459,0.8081403679455534
3.09,0.37099261236640135,0.8103126211031331
3.1,0.375840822372685,0.8124616182496041
3.11,0.3806853172377492,0.8145861103929689
3.12,0.38552560539009595,0.8166862255368503
3.13,0.3903621539632272,0.8187641366797842
3.14,0.395194962957129,0.820818655547315
3.15,0.4000240323718141,0.8228497821394245
3.16,0.40484784535447127,0.8248592635162277
3.17,0.40966715864884257,0.8268466148083758
3.18,0.4144821073904587,0.8288115916071928
3.19,0.4192926915793183,0.8307552547816086
3.2,0.4240979044511156,0.8326779243211582
3.21,0.42889665118375603,0.8345791136351798
3.22,0.43369004954469215,0.8364594774310781
3.23,0.438478099533922,0.8383200244150184
3.24,0.44326080115144406,0.8401600168789921
3.25,0.44803484671199123,0.8419797202702058
3.2600000000000002,0.4528020447850063,0.8437807678770712
3.27,0.4575625867464327,0.8455622110368471
3.2800000000000002,0.4623164725962663,0.8473240497495845
3.29,0.4670616025637772,0.8490679816736887
3.3000000000000003,0.471796137764119,0.8507932622799594
3.31,0.4765221250183351,0.8524998070776412
3.3200000000000003,0.4812395643264117,0.8541886605857753
3.33,0.4859484556883539,0.8558598377570004
3.34,0.4906429770960662,0.8575130237886364
3.35,0.49532657229394966,0.8591487542888046
3.36,0.49999940804805126,0.8607675012036263
3.37,0.5046614843583557,0.8623688506970186
3.38,0.5093098364743879,0.8639530247630004
3.39,0.5139424118103298,0.865520742825079
3.4,0.518561752021482,0.8670715537576852
3.41,0.5231678571078543,0.8686054855926406
3.42,0.5277607270694333,0.870123583870731
3.43,0.5323328999462795,0.8716252881952007
3.44,0.536889101972147,0.8731105985660147
3.45,0.5414293424958051,0.8745804127492561
3.46,0.5459536215172434,0.876034545623261
3.47,0.5504582018593477,0.8774728359809639
3.48,0.5549410958770401,0.8788960337602623
3.49,0.5594051228732219,0.8803044658447056
3.5,0.5638502828479037,0.881697733463766
3.5100000000000002,0.5682763685201461,0.8830762726738502
3.52,0.5726755364995858,0.8844409055716789
3.5300000000000002,0.5770528591949715,0.8857910605085425
3.54,0.5814083366062905,0.8871268778887884
3.5500000000000003,0.5857419687335651,0.8884495371260205
3.56,0.5900497218995415,0.8897583698148611
3.5700000000000003,0.5943300218995711,0.8910533759552824
3.58,0.5985855450904051,0.8923355693461414
3.59,0.6028162914720373,0.8936045637610772
3.6,0.6070218607012615,0.8948602759625159
3.61,0.6111952370303203,0.8961033090621453
3.62,0.6153410500455266,0.8973337322189978
3.63,0.6194592997468807,0.8985513304335507
3.64,0.6235499861343896,0.8997564545556882
3.65,0.6276094204459512,0.9009494906778559
3.66,0.6316366274012912,0.9021301263020814
3.67,0.6356337561109209,0.9032985282326836
3.68,0.6396008065748565,0.9044553739696283
3.69,0.6435373061383703,0.9056002519336633
3.7,0.6474380704039533,0.9067331621248228
3.71,0.6513065961485224,0.9078551663141814
3.72,0.6551428833720728,0.9089657091775154
3.73,0.658946932074623,0.910064788460844
3.74,0.6627160653726811,0.9111532237220513
3.75,0.6664498770622065,0.9122309098350849
3.7600000000000002,0.6701497327060182,0.9132976642464107
3.77,0.673815632304124,0.9143540401199807
3.7800000000000002,0.6774472271858348,0.9154003626188285
3.79,0.6810418223139322,0.9164362920068005
3.8000000000000003,0.6846012793119151,0.9174620878681619
3.81,0.6881255981797696,0.918478349331725
3.8200000000000003,0.6916147789175,0.9194846775880304
3.83,0.6950676906177731,0.9204811304019819
3.84,0.698484276359748,0.9214684248825972
3.85,0.701865039172568,0.922446163712348
3.86,0.7052099790562208,0.9234143468911991
3.87,0.7085190691193585,0.9243734589004159
3.88,0.7117921534501794,0.9253233453621238
3.89,0.7150293425979385,0.926263949607669
3.9,0.7182306365626498,0.9271955817710229
3.91,0.721396035344299,0.9281183120220537
3.92,0.7245261724843698,0.9290320108672877
3.93,0.7276210217175849,0.9299368772793933
3.94,0.7306803387528482,0.9308331814571423
3.95,0.7337041235901627,0.9317207186757621
3.96,0.7366927874046788,0.9325995910583424
3.97,0.7396481865800292,0.9334703296514109
3.98,0.7425689663829959,0.9343326209334295
3.99,0.7454551268135863,0.9351864649043766
4,0.7483066678717986,0.9360325644189231
4.01,0.7511258393112658,0.9368705877328957
4.0200000000000005,0.7539123600451874,0.9377005130989409
4.03,0.756665483877613,0.938522862038
4.04,0.7593852108085589,0.9393376122459891
4.05,0.762072376573978,0.9401446229349417
4.0600000000000005,0.7647299902924165,0.940944087179903
4.07,0.7673557847050277,0.9417361519575141
4.08,0.7699497598118136,0.9425206805787252
4.09,0.7725119156127711,0.9432977767128228
4.1,0.7750456559248161,0.9440677346796187
4.11,0.7775502958844192,0.9448303659242182
4.12,0.7800248743916273,0.9455856766024036
4.13,0.7824693914464369,0.9463337998948914
4.14,0.784884974264232,0.9470746635417394
4.15,0.7872749097499387,0.94780826754291
4.16,0.7896366313410618,0.9485346017895812
4.17,0.7919701390376027,0.9492536688187906
4.18,0.7942754328395675,0.9499654701942218
4.19,0.7965564540160833,0.9506701443863402
4.2,0.7988121338801691,0.9513677400115718
4.21,0.801041538104457,0.9520581898256781
4.22,0.8032446666889413,0.9527415950341018
4.23,0.8054227646426207,0.9534181241155946
4.24,0.807578800121152,0.9540876563205101
4.25,0.8097103603640322,0.9547502286159755
4.26,0.8118174453712718,0.9554060955214658
4.2700000000000005,0.8139000551428732,0.9560551106250774
4.28,0.8159620461464583,0.956697273926808
4.29,0.8180021243594522,0.9573330778452565
4.3,0.8200195365927436,0.9579623170144413
4.3100000000000005,0.8220142828463497,0.9585849609743471
4.32,0.8239876044587006,0.9592011350198211
4.33,0.8259419329817271,0.9598108456019303
4.34,0.8278751993855953,0.9604140523987916
4.3500000000000005,0.8297874036703258,0.9610108312243196
4.36,0.8316785458359097,0.9616012549414946
4.37,0.8335518593899713,0.962185261708021
4.38,0.8354060670126376,0.9627628802623018
4.39,0.8372406620784223,0.9633342119414438
4.4,0.8390556445873114,0.9638991939920838
4.41,0.8408521681817273,0.9644578247630373
4.42,0.8426320914352945,0.9650099970396459
4.43,0.8443937475361396,0.9655557678690033
4.44,0.8461371364842418,0.9660951372511103
4.45,0.8478622582796198,0.9666281398853573
4.46,0.8495718002937835,0.9671547696223011
4.47,0.8512645528336696,0.9676750196732888
4.48,0.8529401911620698,0.968189047399997
4.49,0.8545987152789826,0.9686969301814414
4.5,0.8562410888521299,0.9691985795700043
4.51,0.8578685851811811,0.9696940826683492
4.5200000000000005,0.8594799902828631,0.9701836168536372
4.53,0.8610753041571707,0.9706670609153003
4.54,0.8626545268040975,0.9711444527453033
4.55,0.8642198009073204,0.9716161574541354
4.5600000000000005,0.8657700522197407,0.9720819699500542
4.57,0.8673050932934622,0.9725418902331019
4.58,0.8688249241285104,0.9729962147629563
4.59,0.8703303758746846,0.9734448374901041
4.6000000000000005,0.8718223429747051,0.9738877302137641
4.61,0.8732999086537032,0.974324979867298
4.62,0.8747630729116677,0.9747566000059217
4.63,0.8762118357486013,0.9751825576747554
4.64,0.8776478606060798,0.9756028803630952
4.65,0.8790702341252117,0.976017600891022
4.66,0.8804788625596816,0.9764266933937683
4.67,0.8818737459094979,0.976830159308308
4.68,0.8832555863414767,0.9772280050300947
4.69,0.8846249919319955,0.9776202267174352
4.7,0.8859812826062,0.9780068243703302
4.71,0.8873244583640958,0.978387937597252
4.72,0.8886545192056762,0.9787634960445026
4.73,0.889972854211852,0.979133497909293
4.74,0.8912786387472877,0.9794981963866701
4.75,0.8925718349760362,0.9798575670385992
4.76,0.8938524428980898,0.9802115490228289
4.7700000000000005,0.8951211145047,0.9805603660509314
4.78,0.8963782956483964,0.980904163844786
4.79,0.8976234309336133,0.9812427973102201
4.8,0.8988565203603465,0.9815763994786554
4.8100000000000005,0.900077564010694,0.9819053024303375
4.82,0.9012877880360859,0.982229288454261
4.83,0.9024864134384095,0.98254838450871
4.84,0.9036734402176485,0.9828629931519646
4.8500000000000005,0.9048488683738265,0.9831728931649846
4.86,0.9060133049008491,0.9834780845477513
4.87,0.9071670680986991,0.9837788674132179
4.88,0.9083097029640823,0.9840751536995523
4.89,0.9094412094969592,0.9843669040805086
4.9,0.9105616159638109,0.9846541185560768
4.91,0.9116719362409766,0.9849367971262769
4.92,0.9127715140086075,0.985214939791086
4.93,0.9138603492667109,0.9854783194331899
4.94,0.9149384420152896,0.9857249688826739
4.95,0.9160063400869363,0.9859716183321469
4.96,0.9170642536559086,0.9862182677816288
4.97,0.9181118215625793,0.9864649172311074
4.98,0.9191490438069372,0.9867115666805888
4.99,0.9201759675240566,0.9869582161300757
5,0.9211933960319751,0.9871619791538359
5.01,0.9222007986778027,0.9873633447475108
5.0200000000000005,0.9231981754615269,0.9875647103411815
5.03,0.924185526383141,0.9877660759348501
5.04,0.9251633538189876,0.9879674415285215
5.05,0.9261317876267168,0.9881688071221904
5.0600000000000005,0.9270905370245286,0.9883701727158652
5.07,0.9280396020124456,0.9885715383095488
5.08,0.9289790539087309,0.9887729039032087
5.09,0.9299096598340932,0.9889742694968852
5.1000000000000005,0.930830901790692,0.9891756350905611
5.11,0.9317427797785321,0.9893770006842388
5.12,0.932645293797606,0.9895767761088713
5.13,0.9335388939390351,0.9897403173480965
5.14,0.9344236461153899,0.9899038585873335
5.15,0.93529932225751,0.9900673998265571
5.16,0.9361659223654,0.9902309410657791
5.17,0.937023533725311,0.9903944823050075
5.18,0.9378728206227449,0.9905580235442314
5.19,0.938713323624423,0.9907215647834634
5.2,0.9395450427303517,0.9908851060226915
5.21,0.9403679779405303,0.9910486472619255
5.22,0.9411825450295069,0.9912121885011506
5.23,0.9419887629334713,0.9913757297403797
5.24,0.9427864479985112,0.9915392709796004
5.25,0.9435756002246243,0.9916985804174836
5.26,0.9443563177818767,0.991831238011415
5.2700000000000005,0.9451291623802784,0.9919638956053293
5.28,0.945893735194138,0.9920965531992361
5.29,0.946650036223448,0.9922292107931605
5.3,0.9473980654682123,0.9923618683870735
5.3100000000000005,0.9481382565174603,0.9924945259809945
5.32,0.9488705895115913,0.992627183574901
5.33,0.9495948984763815,0.9927598411688281
5.34,0.950311183411799,0.9928924987627356
5.3500000000000005,0.9510195602777397,0.9930251563566481
5.36,0.9517205464970688,0.9931578139505739
5.37,0.9524137638984991,0.9932904715444968
5.38,0.9530992124820465,0.9934209854771907
5.39,0.9537768922476806,0.9935435369328214
5.4,0.9544471794105928,0.9936646817329559
5.41,0.955110025475747,0.9937844198776102
5.42,0.9557653066236484,0.9939027513667674
5.43,0.9564130228542839,0.9940196762004504
5.44,0.9570533084218168,0.9941351943786445
5.45,0.9576866415182669,0.9942493059013325
5.46,0.9583126612365748,0.9943620107685532
5.47,0.9589313675767166,0.9944733089802766
5.48,0.959542760538729,0.99458320053652
5.49,0.9601473015418265,0.994691685437267
5.5,0.9607448960729599,0.9947987636825358
5.51,0.9613354149289793,0.9949044352723022
5.5200000000000005,0.9619188581099092,0.9950087002065964
5.53,0.9624953598439682,0.9951115584854046
5.54,0.9630653075565535,0.9952130101087145
5.55,0.9636283981566427,0.995313055076543
5.5600000000000005,0.9641846316442341,0.9954116933888811
5.57,0.964734008019333,0.9955089250457339
5.58,0.9652769875556341,0.9956047500470849
5.59,0.9658134439144216,0.995699168392971
5.6000000000000005,0.9663432689762211,0.9957921800833575
5.61,0.9668664627410286,0.9958837851182513
5.62,0.9673831690577656,0.995973983497664
5.63,0.9678937275009939,0.9960627752215914
5.64,0.9683978614460259,0.9961504147971856
5.65,0.968895570892859,0.9962370290400722
5.66,0.9693868558414721,0.9963222826121824
5.67,0.969872171035638,0.9964061755135044
5.68,0.9703513624899543,0.9964887077440223
5.69,0.9708243422976893,0.9965698793037564
5.7,0.9712911104588314,0.9966496901926997
5.71,0.9717518443929195,0.9967281404108446
5.72,0.9722068882675576,0.9968052299582038
5.73,0.9726559485109939,0.9968809588347649
5.74,0.9730990251232363,0.9969553270405346
5.75,0.9735361181042577,0.9970283345755211
5.76,0.9739676755732883,0.9970999814397257
5.7700000000000005,0.9743935192369623,0.9971702676331191
5.78,0.9748135797123496,0.9972391931557343
5.79,0.9752278569994487,0.9973067580075461
5.8,0.9756365375902558,0.9973729621885722
5.8100000000000005,0.976039919009348,0.9974378056988085
5.82,0.9764377336746969,0.9975012885382544
5.83,0.9768299815862977,0.9975634107068965
5.84,0.9772166627441525,0.997624172204765
5.8500000000000005,0.9775982894903275,0.9976835730318319
5.86,0.9779746298468563,0.9977416131881184
5.87,0.9783456227833676,0.9977982926735883
5.88,0.9787112682998772,0.9978536114882761
5.89,0.9790717517639982,0.9979075696321945
5.9,0.979427315661014,0.9979627702826296
5.91,0.9797777280340961,0.9980185205861272
5.92,0.9801229888832307,0.9980732322217513
5.93,0.9804630982084213,0.9981269051895202
5.94,0.9807990254379932,0.9981795394894343
5.95,0.9811302821618856,0.9982311351214902
5.96,0.9814567851240118,0.9982816920856961
5.97,0.9817785343243636,0.9983312103820421
5.98,0.9820955297629609,0.998379690010529
5.99,0.9824077714397872,0.9984271309711646
6,0.9827152593548434,0.9984735332639301
6.01,0.9830179935081453,0.998518896888856
6.0200000000000005,0.9833159738996741,0.9985632218459088
6.03,0.9835771894923386,0.9986065081351114
6.04,0.9838361018745206,0.9986487557564585
6.05,0.9840950142566932,0.9986899647099434
6.0600000000000005,0.984353926638864,0.9987301349955849
6.07,0.9846128390210428,0.9987692666133692
6.08,0.9848717514032146,0.9988073595632811
6.09,0.9851306637853918,0.9988444138453436
6.1000000000000005,0.9853895761675677,0.9988804294595577
6.11,0.9856484885497406,0.9989154064058999
6.12,0.9858751130330767,0.9989493446843927
6.13,0.986100715973891,0.998982244295027
6.140000000000001,0.9863263189147125,0.9990141052377993
6.15,0.9865519218555433,0.9990449275127307
6.16,0.9867775247963644,0.999077706933683
6.17,0.9870031277371746,0.9991104406964405
6.18,0.987228730677996,0.9991424165575425
6.19,0.987454333618827,0.999173634516957
6.2,0.9876798476657621,0.9992040945747103
6.21,0.9878529687418175,0.999233796730801
6.22,0.9880260898178805,0.9992627409852097
6.23,0.9881992108939436,0.9992909273379496
6.24,0.9883723319699933,0.9993183557890213
6.25,0.988545453046052,0.9993450263384265
6.26,0.988718574122115,0.9993709389861555
6.2700000000000005,0.9888916951981715,0.9993960937322036
6.28,0.9890648162742258,0.9994204905765991
6.29,0.989237937350287,0.9994441295193128
6.3,0.9894110584263429,0.9994670105603747
6.3100000000000005,0.9895841795023985,0.999489133699735
6.32,0.9897573005784591,0.9995104989374443
6.33,0.9899304216545157,0.9995311062734812
6.34,0.9901035427305744,0.9995509557078334
6.3500000000000005,0.9902766638066315,0.9995700472405404
6.36,0.9904497848826863,0.9995883808715506
6.37,0.9906229059587403,0.9996059566009063
6.38,0.9907932899927243,0.999622774428576
6.390000000000001,0.9909252016768584,0.9996388343546052
6.4,0.9910571133609827,0.9996541363789313
6.41,0.9911890250451209,0.9996686805015955
6.42,0.9913209367292599,0.9996858085462943
6.43,0.9914528484133911,0.9997024564668961
6.44,0.9915847600975227,0.9997185979013199
6.45,0.9917166717816539,0.9997342328496033
6.46,0.9918485834657943,0.9997493613117143
6.47,0.9919804951499237,0.9997639832876796
6.48,0.992112406834053,0.9997780987774766
6.49,0.9922443185181927,0.9997917077811227
6.5,0.9923762302023271,0.9998048102986135
6.51,0.9925081418864545,0.9998174063299428
6.5200000000000005,0.9926400535705827,0.9998294958751144
6.53,0.9927719652547174,0.9998410789341152
6.54,0.9929038769388622,0.9998521555069617
6.55,0.9930357886229977,0.9998627255936574
6.5600000000000005,0.9931635660133661,0.999872789194186
6.57,0.993263952384608,0.9998823463085601
6.58,0.9933643387558415,0.9998913969367698
6.59,0.993464725127082,0.999899941078825
6.6000000000000005,0.9935651114983194,0.9999079787347196
6.61,0.9936654978695578,0.9999155099044656
6.62,0.9937658842408006,0.9999225345880433
6.63,0.9938662706120361,0.9999290527854585
6.640000000000001,0.9939666569832757,0.9999350644967202
6.65,0.9940670433545079,0.9999405697218239
6.66,0.9941674297257562,0.9999455684607794
6.67,0.9942678160969874,0.9999505697346026
6.68,0.9943682024682269,0.9999574820850567
6.69,0.9944685888394715,0.9999641033475486
6.7,0.994568975210709,0.9999704335220351
6.71,0.9946693615819447,0.9999764726085404
6.72,0.9947697479531877,0.9999822206070632
6.73,0.9948701343244294,0.9999876775175804
6.74,0.9949687683449092,0.9999928433401374
6.75,0.9950596179504313,0.9999977180746931
6.76,0.9951494806711098,1.000002301721259
6.7700000000000005,0.9952383565069601,1.0000065942798402
6.78,0.9953262454579554,1.000010595750439
6.79,0.9954131475241207,1.0000143061330418
6.8,0.9954990627054371,1.0000177254276807
6.8100000000000005,0.995583991001916,1.0000208536343116
6.82,0.9956679324135437,1.0000236907529585
6.83,0.9957508869403315,1.0000262367836215
6.84,0.9958328545822829,1.0000284917263127
6.8500000000000005,0.9959138353393923,1.0000304555810011
6.86,0.9959938292116616,1.0000321283477125
6.87,0.9960728361990909,1.0000335100264182
6.88,0.9961508563016718,1.0000346006171503
6.890000000000001,0.9962278895194182,1.0000354001199026
6.9,0.9963039358523035,1.0000359085346608
6.91,0.9963789953003578,1.0000361258614259
6.92,0.9964528821145741,1.000036052100211
6.93,0.9965252056099053,1.0000364505104198
6.94,0.9965964638728086,1.0000379549819531
6.95,0.9966666569033008,1.0000393251802533
6.96,0.996735784701384,1.0000405611052852
6.97,0.9968038472670546,1.0000416627570816
6.98,0.9968708446003096,1.0000426301356196
6.99,0.9969367767011601,1.0000434632409292
7,0.9970016435695821,1.0000441620729845
7.01,0.9970654452056047,1.0000447266317904
7.0200000000000005,0.9971281816091979,1.0000451569173574
7.03,0.9971898527803952,1.0000454529296592
7.04,0.9972504587191711,1.0000456146687338
7.05,0.9973099994255412,1.0000456421345514
7.0600000000000005,0.9973684748994887,1.0000455353271287
7.07,0.9974258851410295,1.0000452942464566
7.08,0.9974822301501511,1.0000449188925362
7.09,0.9975375099268742,1.0000444092653655
7.1000000000000005,0.9975924548923348,1.0000437653649568
7.11,0.9976480124393844,1.0000429871912873
7.12,0.9977027506691489,1.0000420747443857
7.13,0.9977566695816391,1.0000410280242233
7.140000000000001,0.9978097691768553,1.000039847030823
7.15,0.9978620494547855,1.0000385317641916
7.16,0.9979135104154374,1.000037082224288
7.17,0.9979641520588063,1.0000354984111466
7.18,0.9980139743848869,1.0000337803247596
7.19,0.9980629773936909,1.0000328382953334
7.2,0.998111161085224,1.0000325680926814
7.21,0.9981585254594626,1.0000322865104956
7.22,0.9982050705164272,1.00003199354874
7.23,0.9982507962561061,1.0000316892074432
7.24,0.9982957026785195,1.0000313734866038
7.25,0.998339789783637,1.0000310463862068
7.26,0.998383057571473,1.0000307079062645
7.2700000000000005,0.9984255060420298,1.0000303580467798
7.28,0.9984671351953079,1.000029996807741
7.29,0.9985079450313146,1.0000296241891529
7.3,0.998547935550026,1.0000292401910105
7.3100000000000005,0.9985871067514573,1.0000288448133223
7.32,0.9986254586356194,1.0000284380560949
7.33,0.9986629912024875,1.000028019919303
7.34,0.9986997044520879,1.0000275904029754
7.3500000000000005,0.9987355983843907,1.0000271495070934
7.36,0.9987706729994211,1.0000266972316585
7.37,0.9988049282971764,1.000026233576682
7.38,0.9988383642776439,1.0000257585421513
7.390000000000001,0.9988709809408308,1.0000252721280676
7.4,0.9989027782867415,1.000024774334446
7.41,0.9989337563153625,1.0000242651612765
7.42,0.9989639150267146,1.0000237446085536
7.43,0.9989932544207804,1.0000232126762743
7.44,0.9990217744975658,1.000022669364447
7.45,0.9990494752570669,1.0000221146730797
7.46,0.9990781906483469,1.000021548602154
7.47,0.9991084470391776,1.000020971151681
7.48,0.999138106148595,1.0000203823216665
7.49,0.9991671679765852,1.0000197821121082
7.5,0.9991956325231468,1.0000191705229944
7.51,0.9992234997882924,1.0000185475543188
7.5200000000000005,0.9992507697720046,1.0000179132061147
7.53,0.9992774424743021,1.0000172674783374
7.54,0.9993035178951662,1.0000166103710302
7.55,0.9993289960346212,1.0000159418841692
7.5600000000000005,0.9993538768926346,1.0000152620177511
7.57,0.9993781604692424,1.0000145707718002
7.58,0.9994018467644199,1.0000138681462976
7.59,0.9994249357781673,1.0000131541412345
7.6000000000000005,0.9994474275105042,1.000012428756619
7.61,0.9994693219614074,1.0000116919924813
7.62,0.9994906191309001,1.000010943848769
7.63,0.999511319018951,1.0000101843255267
7.640000000000001,0.9995314216255852,1.000009413422715
7.65,0.999550926950802,1.0000086311403709
7.66,0.9995698349945956,1.0000078374784784
7.67,0.9995881457569536,1.0000070324370327
7.68,0.9996058592378884,1.0000062160160317
7.69,0.9996229754374111,1.0000053882154765
7.7,0.9996394943555084,1.0000045490353866
7.71,0.9996554159921754,1.000004618444285
7.72,0.9996707403474276,1.000004744472147
7.73,0.9996854674212521,1.000004870500014
7.74,0.9996995972136458,1.000004996527881
7.75,0.9997131297246186,1.0000051225557576
7.76,0.9997260649541769,1.0000052485836217
7.7700000000000005,0.9997384029023008,1.0000053746115056
7.78,0.9997501435690146,1.000005500639364
7.79,0.9997612869542881,1.0000056266672435
7.8,0.999771833058155,1.0000057526951072
7.8100000000000005,0.9997817818805849,1.0000058787229835
7.82,0.999793782999146,1.0000060047508488
7.83,0.9998072696595657,1.000006130778719
7.84,0.9998204078571025,1.0000062568065942
7.8500000000000005,0.9998331975917442,1.0000063828344543
7.86,0.9998456388635077,1.0000065088623251
7.87,0.9998577316723711,1.0000066348902041
7.88,0.9998694760183446,1.0000067609180727
7.890000000000001,0.9998808719014433,1.0000068869459342
7.9,0.9998919193216486,1.0000070129738177
7.91,0.9999026182789624,1.0000071390016785
7.92,0.9999129687733899,1.0000072650295455
7.930000000000001,0.9999229708049221,1.0000073910574137
7.94,0.9999326243735746,1.0000075170852847
7.95,0.9999419294793357,1.000007643113154
7.96,0.9999508861222189,1.0000077691410287
7.97,0.9999594943021949,1.000007895168904
7.98,0.9999677540192993,1.0000080211967703
7.99,0.9999756652735018,1.0000081472246445
8,0.999983228064831,1.0000082732525089
8.01,0.9999904423932567,1.000008399280385
8.02,0.9999973082587963,1.0000085253082553
8.03,1.0000038256614572,1.00000865133613
8.040000000000001,1.000009994601228,1.0000087773639854
8.05,1.0000158150781002,1.0000089033918633
8.06,1.0000212870920977,1.0000090294197372
8.07,1.0000264106431966,1.0000091554476003
8.08,1.00003118573141,1.0000092814754677
8.09,1.0000356123567362,1.0000094075033379
8.1,1.0000396905191753,1.000009533531208
8.11,1.0000434202187234,1.0000096595590786
8.120000000000001,1.0000468014553807,1.00000978558695
8.13,1.000049834229163,1.000009911614822
8.14,1.0000525185400488,1.0000100376426961
8.15,1.0000548543880414,1.000010163670558
8.16,1.0000568417731546,1.0000102896984286
8.17,1.0000584806953665,1.000010415726301
8.18,1.000062074818969,1.000010541754169
8.19,1.0000663959797198,1.000010667782051
8.2,1.00007054514505,1.0000107938099123
8.21,1.0000745223149783,1.0000109198377864
8.22,1.0000783274894975,1.0000110458656473
8.23,1.0000819606686056,1.000011171893524
8.24,1.000085421852307,1.000011297921381
8.25,1.0000887110406007,1.000011423949268
8.26,1.0000918282334832,1.000011549977132
8.27,1.0000947734309658,1.0000116760050095
8.28,1.0000975466330335,1.0000118020328737
8.290000000000001,1.000100147839697,1.0000119280607387
8.3,1.0001025770509469,1.0000120540886137
8.31,1.0001048342667818,1.000012180116484
8.32,1.0001069194872312,1.0000123061443564
8.33,1.000108832712257,1.0000124321722221
8.34,1.0001105739418752,1.0000125582000858
8.35,1.0001121431760924,1.0000126842279664
8.36,1.0001135404148926,1.0000128102558277
8.370000000000001,1.0001147656582876,1.0000129362837062
8.38,1.0001158189062598,1.0000130623115675
8.39,1.0001167001588516,1.0000131883394312
8.4,1.0001174094160195,1.0000133143673164
8.41,1.0001179466777834,1.000013440395189
8.42,1.0001183119441321,1.0000135664230567
8.43,1.0001185052150834,1.0000136924509262
8.44,1.000118526490627,1.0000138184787952
8.45,1.0001183757707446,1.000013944506664
8.46,1.0001180530554679,1.0000140705345328
8.47,1.0001175583447817,1.0000141965624014
8.48,1.0001168916386767,1.000014322590274
8.49,1.0001160529371753,1.0000144486181488
8.5,1.000115042240268,1.0000145746460198
8.51,1.0001138595479444,1.0000147006738849
8.52,1.0001125048602197,1.0000148267017606
8.53,1.0001109781770743,1.0000149527296287
8.540000000000001,1.000110934174337,1.0000150787574973
8.55,1.0001111246189833,1.0000152047853617
8.56,1.0001112499816942,1.0000153308132307
8.57,1.0001113102624535,1.0000154568410995
8.58,1.0001113054612507,1.0000155828689739
8.59,1.0001112355780981,1.0000157088968418
8.6,1.0001111006130055,1.0000158349247068
8.61,1.0001109005659579,1.0000159609525872
8.620000000000001,1.0001106354369529,1.000016086980467
8.63,1.0001103052260072,1.000016213008319
8.64,1.000109909933113,1.0000163390361838
8.65,1.0001094495582548,1.0000164650640686
8.66,1.0001089241014502,1.0000165910919359
8.67,1.0001083335627026,1.0000167171198036
8.68,1.0001076779419955,1.0000168431476824
8.69,1.000106957239351,1.0000169691755467
8.700000000000001,1.0001061714547448,1.000017095203425
8.71,1.0001053205881894,1.0000174002305589
8.72,1.0001044046396736,1.0000177163386461
8.73,1.0001034236092214,1.0000180324467387
8.74,1.000102377496819,1.000018348554823
8.75,1.0001012663024624,1.0000186646629188
8.76,1.000100090026151,1.0000189807710125
8.77,1.000098848667888,1.0000192968791026
8.78,1.0000975422276888,1.0000196129871988
8.790000000000001,1.00009617070553,1.0000199290952791
8.8,1.000094734101418,1.0000202452033782
8.81,1.0000932324153584,1.0000205613114788
8.82,1.000091665647342,1.0000208774195631
8.83,1.0000900337973762,1.00002119352765
8.84,1.0000883368654754,1.0000215096357439
8.85,1.0000865748516146,1.0000218257438374
8.86,1.0000847477557915,1.0000221418519304
8.870000000000001,1.0000828555780323,1.0000224579600145
8.88,1.0000808983183238,1.000022774068109
8.89,1.0000788759766561,1.000023090176199
8.9,1.0000779890471752,1.0000234062842779
8.91,1.0000771369997317,1.0000237223923865
8.92,1.0000762868772195,1.000024038500479
8.93,1.0000754386796307,1.0000243546085728
8.94,1.000074592406963,1.0000246707166662
8.950000000000001,1.0000737480592166,1.0000249868247642
8.96,1.0000729056364075,1.0000253029328452
8.97,1.0000720651385004,1.000025619040934
8.98,1.0000712265655376,1.0000259351490322
8.99,1.0000703899174872,1.000026251257126
9,1.000069555194363,1.000026567365199
9.01,1.0000687223961706,1.0000268834733017
9.02,1.0000678915228962,1.0000271995813923
9.03,1.0000670625745467,1.0000275156894851
9.040000000000001,1.000066235551114,1.000027831797573
9.05,1.0000654104526188,1.0000281479056705
9.06,1.0000645872790404,1.0000284640137638
9.07,1.0000637660303884,1.0000287801218524
9.08,1.000062946706653,1.0000290962299379
9.09,1.000062129307844,1.000029412338032
9.1,1.000061313833966,1.000029728446126
9.11,1.000060500285002,1.0000300445542114
9.120000000000001,1.0000596886609758,1.000030360662302
9.13,1.000058878961873,1.0000306767703924
9.14,1.0000580711876816,1.000030992878499
9.15,1.0000572653384203,1.000031308986585
9.16,1.0000564614140923,1.0000316250946737
9.17,1.0000556594146712,1.0000319412027692
9.18,1.0000548593401806,1.000032257310852
9.19,1.0000540611906152,1.0000325734189355
9.200000000000001,1.0000532649659812,1.0000328895270336
9.21,1.0000524706662548,1.000033205635126
9.22,1.0000516782914615,1.000033521743222
9.23,1.000050887841595,1.000033837851315
9.24,1.0000500993166477,1.0000341539594009
9.25,1.0000493127166297,1.0000344700675021
9.26,1.000048528041523,1.000034786175593
9.27,1.0000477452913523,1.0000351022836789
9.28,1.0000469644661043,1.0000354183917717
9.290000000000001,1.0000461855657807,1.0000357344998645
9.3,1.0000454085903703,1.0000360506079553
9.31,1.0000446335398938,1.0000363667160483
9.32,1.000043860414346,1.0000366828241425
9.33,1.0000430892137113,1.0000369989322384
9.34,1.0000423199380166,1.0000373150403203
9.35,1.0000415525872275,1.000037631148417
9.36,1.0000407871613683,1.0000379472565044
9.370000000000001,1.0000400236604445,1.0000382633646019
9.38,1.0000392620844276,1.0000385794726923
9.39,1.0000385024333525,1.000038895580779
9.4,1.0000377447071833,1.000039211688873
9.41,1.0000369889059524,1.00003952779696
9.42,1.0000362350296321,1.0000398439050473
9.43,1.000035483078243,1.0000401600131485
9.44,1.0000347330517794,1.000040476121242
9.450000000000001,1.0000339849502404,1.0000407922293268
9.46,1.0000332387736133,1.000041108337427
9.47,1.0000324945219259,1.000041424445506
9.48,1.0000317521951603,1.0000417405536104
9.49,1.0000310117933036,1.000042056661694
9.5,1.0000302733163824,1.0000423727697967
9.51,1.0000295367643872,1.0000426888778806
9.52,1.0000288021373207,1.0000430049859759
9.53,1.0000280694351698,1.0000433210940585
9.540000000000001,1.0000273386579506,1.0000436372021537
9.55,1.0000266098056454,1.000043953310252
9.56,1.000025882878257,1.0000442694183356
9.57,1.0000251578758212,1.0000445855264246
9.58,1.0000244347982792,1.0000449016345219
9.59,1.0000237136456789,1.0000452177426118
9.6,1.0000229944179904,1.0000455338507017
9.61,1.0000224073073358,1.0000458499587908
9.620000000000001,1.0000222532457184,1.0000461660668858
9.63,1.000022099184088,1.000046482174984
9.64,1.0000219451224597,1.0000467982830696
9.65,1.0000217910608324,1.0000471143911596
9.66,1.0000216369992019,1.0000474304992533
9.67,1.0000214829375857,1.00004774660734
9.68,1.0000213288759472,1.000048062715438
9.69,1.0000211748143248,1.0000483788235246
9.700000000000001,1.0000210207526998,1.0000486949316223
9.71,1.0000208666910733,1.00004885676095
9.72,1.0000207126294438,1.0000490090396448
9.73,1.0000205585678166,1.0000491613183238
9.74,1.000020404506186,1.0000493135970225
9.75,1.000020250444562,1.000049465875724
9.76,1.0000200963829333,1.0000496181543956
9.77,1.0000199423213112,1.0000497704330942
9.78,1.0000197882596882,1.000049922711798
9.790000000000001,1.0000196341980565,1.000050074990491
9.8,1.0000194801364246,1.000050227269182
9.81,1.0000193260748038,1.0000503795478815
9.82,1.0000191720131717,1.0000505318265667
9.83,1.0000190179515467,1.0000506841052663
9.84,1.000018863889923,1.0000508363839509
9.85,1.000018709828293,1.0000509886626385
9.86,1.0000185557666643,1.0000511409413433
9.870000000000001,1.0000184017050353,1.0000512932200347
9.88,1.0000182476434079,1.000051445498728
9.89,1.0000180935817824,1.0000515977774163
9.9,1.000017939520157,1.0000517500561203
9.91,1.0000177854585277,1.0000519023348136
9.92,1.000017631396892,1.0000520546135077
9.93,1.0000174773352717,1.0000522068921949
9.94,1.0000173232736405,1.0000523591708836
9.950000000000001,1.0000171692120194,1.0000525114495842
9.96,1.0000170151503893,1.0000526637282656
9.97,1.0000168610887576,1.0000528160069657
9.98,1.0000167070271377,1.0000529682856576
9.99,1.0000165529655107,1.000053120564355
10,1.0000163989038848,1.0000532728430442
10.01,1.0000162448422572,1.0000532728430442
10.02,1.0000160907806244,1.0000532728430442
10.03,1.0000159367189971,1.0000532728430442
10.040000000000001,1.0000157826573706,1.0000532728430442
10.05,1.000015628595738,1.0000532728430442
10.06,1.0000154745341137,1.0000532728430442
10.07,1.0000153204724875,1.0000532728430442
10.08,1.0000151664108576,1.0000532728430442
10.09,1.000015012349235,1.0000532728430442
10.1,1.0000148582876074,1.0000532728430442
10.11,1.0000147042259826,1.0000532728430442
10.120000000000001,1.0000145501643538,1.0000532728430442
10.13,1.0000143961027335,1.0000532728430442
10.14,1.000014242041096,1.0000532728430442
10.15,1.0000140879794803,1.0000532728430442
10.16,1.0000139339178462,1.0000532728430442
10.17,1.0000137798562123,1.0000532728430442
10.18,1.0000136257945902,1.0000532728430442
10.19,1.0000134717329572,1.0000532728430442
10.200000000000001,1.0000133176713293,1.0000532728430442
10.21,1.0000131636097094,1.0000532728430442
10.22,1.0000130095480828,1.0000532728430442
10.23,1.0000128554864502,1.0000532728430442
10.24,1.0000127014248246,1.0000532728430442
10.25,1.000012547363199,1.0000532728430442
10.26,1.000012393301573,1.0000532728430442
10.27,1.0000122392399442,1.0000532728430442
10.28,1.0000120851783156,1.0000532728430442
10.290000000000001,1.0000119311166933,1.0000532728430442
10.3,1.0000117770550596,1.0000532728430442
10.31,1.000011622993437,1.0000532728430442
10.32,1.00001146893181,1.0000532728430442
10.33,1.0000113148701841,1.0000532728430442
10.34,1.0000111608085538,1.0000532728430442
10.35,1.0000110067469186,1.0000532728430442
10.36,1.0000108526852935,1.0000532728430442
10.370000000000001,1.0000106986236694,1.0000532728430442
10.38,1.0000105445620444,1.0000532728430442
10.39,1.0000103905004156,1.0000532728430442
10.4,1.000010236438788,1.0000532728430442
10.41,1.0000100823771647,1.0000532728430442
10.42,1.0000099283155324,1.0000532728430442
10.43,1.000009774253913,1.0000532728430442
10.44,1.0000096201922775,1.0000532728430442
10.450000000000001,1.0000094661306536,1.0000532728430442
10.46,1.0000093120690257,1.0000532728430442
10.47,1.0000091580074022,1.0000532728430442
10.48,1.000009003945778,1.0000532728430442
10.49,1.0000088498841537,1.0000532728430442
10.5,1.000008695822521,1.0000532728430442
10.51,1.000008541760886,1.0000532728430442
10.52,1.0000083876992605,1.0000532728430442
10.53,1.0000082336376352,1.0000532728430442
10.540000000000001,1.000008079576013,1.0000532728430442
10.55,1.0000079255143832,1.0000532728430442
10.56,1.0000077714527558,1.0000532728430442
10.57,1.0000076173911265,1.0000532728430442
10.58,1.0000074633295035,1.0000532728430442
10.59,1.0000073092678803,1.0000532728430442
10.6,1.0000071552062455,1.0000532728430442
10.61,1.0000070011446187,1.0000532728430442
10.620000000000001,1.0000068470829944,1.0000532728430442
10.63,1.000006693021364,1.0000532728430442
10.64,1.0000065389597346,1.0000532728430442
10.65,1.000006384898109,1.0000532728430442
10.66,1.0000062308364859,1.0000532728430442
10.67,1.0000060767748553,1.0000532728430442
10.68,1.000005922713228,1.0000532728430442
10.69,1.0000057686515988,1.0000532728430442
10.700000000000001,1.0000056145899756,1.0000532728430442
10.71,1.0000054605283464,1.0000532728430442
10.72,1.000005306466723,1.0000532728430442
10.73,1.0000051524050937,1.0000532728430442
10.74,1.0000049983434636,1.0000532728430442
10.75,1.0000048442818372,1.0000532728430442
10.76,1.000004690220208,1.0000532728430442
10.77,1.0000045361585885,1.0000532728430442
10.78,1.000004382096957,1.0000532728430442
10.790000000000001,1.0000042280353256,1.0000532728430442
10.8,1.0000040739737013,1.0000532728430442
10.81,1.000003919912075,1.0000532728430442
10.82,1.0000037658504493,1.0000532728430442
10.83,1.000003611788822,1.0000532728430442
10.84,1.0000034577271915,1.0000532728430442
10.85,1.0000033036655602,1.0000532728430442
10.86,1.0000031496039317,1.0000532728430442
10.870000000000001,1.0000029955423035,1.0000532728430442
10.88,1.0000028414806843,1.0000532728430442
10.89,1.0000026874190588,1.0000532728430442
10.9,1.0000025333574305,1.0000532728430442
10.91,1.0000023792957988,1.0000532728430442
10.92,1.000002225234172,1.0000532728430442
10.93,1.0000020711725486,1.0000532728430442
10.94,1.0000019171109147,1.0000532728430442
10.950000000000001,1.000001763049288,1.0000532728430442
10.96,1.0000016089876589,1.0000532728430442
10.97,1.0000014549260403,1.0000532728430442
10.98,1.0000013008644146,1.0000532728430442
10.99,1.0000011468027854,1.0000532728430442
11,1.000000992741157,1.0000532728430442
11.01,1.0000008386795314,1.0000532728430442
11.02,1.0000006846179046,1.0000532728430442
11.03,1.0000005305562816,1.0000532728430442
11.040000000000001,1.0000003764946581,1.0000532728430442
11.05,1.0000003342037789,1.0000532728430442
11.06,1.0000003293199997,1.0000532728430442
11.07,1.0000003244362246,1.0000532728430442
11.08,1.0000003195524412,1.0000532728430442
11.09,1.0000003146686651,1.0000532728430442
11.1,1.000000309784889,1.0000532728430442
11.11,1.0000003049011092,1.0000532728430442
11.120000000000001,1.000000300017333,1.0000532728430442
11.13,1.0000002951335523,1.0000532728430442
11.14,1.0000002902497713,1.0000532728430442
11.15,1.0000002853659906,1.0000532728430442
11.16,1.0000002804822108,1.0000532728430442
11.17,1.0000002755984325,1.0000532728430442
11.18,1.000000270714657,1.0000532728430442
11.19,1.0000002658308718,1.0000532728430442
11.200000000000001,1.0000002609470924,1.0000532728430442
11.21,1.0000002560633239,1.0000532728430442
11.22,1.000000251179536,1.0000532728430442
11.23,1.00000024629576,1.0000532728430442
11.24,1.0000002414119784,1.0000532728430442
11.25,1.0000002365281977,1.0000532728430442
11.26,1.0000002316444239,1.0000532728430442
11.27,1.000000226760647,1.0000532728430442
11.28,1.0000002218768702,1.0000532728430442
11.290000000000001,1.000000216993087,1.0000532728430442
11.3,1.0000002121093132,1.0000532728430442
11.31,1.0000002072255332,1.0000532728430442
11.32,1.0000002023417556,1.0000532728430442
11.33,1.0000001974579813,1.0000532728430442
11.34,1.0000001925741955,1.0000532728430442
11.35,1.0000001876904125,1.0000532728430442
11.36,1.0000001828066385,1.0000532728430442
11.370000000000001,1.0000001779228531,1.0000532728430442
11.38,1.000000173039084,1.0000532728430442
11.39,1.0000001681553035,1.0000532728430442
11.4,1.0000001632715216,1.0000532728430442
11.41,1.0000001583877423,1.0000532728430442
11.42,1.00000015350397,1.0000532728430442
11.43,1.0000001486201868,1.0000532728430442
11.44,1.0000001437364054,1.0000532728430442
11.450000000000001,1.000000138852627,1.0000532728430442
11.46,1.0000001339688531,1.0000532728430442
11.47,1.0000001290850722,1.0000532728430442
11.48,1.000000124201301,1.0000532728430442
11.49,1.0000001193175225,1.0000532728430442
11.5,1.0000001144337411,1.0000532728430442
11.51,1.0000001095499609,1.0000532728430442
11.52,1.000000104666181,1.0000532728430442
11.53,1.0000000997824103,1.0000532728430442
11.540000000000001,1.000000094898625,1.0000532728430442
11.55,1.0000000900148442,1.0000532728430442
11.56,1.0000000851310649,1.0000532728430442
11.57,1.0000000802472933,1.0000532728430442
11.58,1.0000000753635117,1.0000532728430442
11.59,1.0000000704797354,1.0000532728430442
11.6,1.0000000655959538,1.0000532728430442
11.61,1.00000006071218,1.0000532728430442
11.620000000000001,1.0000000558284032,1.0000532728430442
11.63,1.0000000509446174,1.0000532728430442
11.64,1.0000000460608454,1.0000532728430442
11.65,1.000000041177071,1.0000532728430442
11.66,1.0000000362932837,1.0000532728430442
11.67,1.0000000314095085,1.0000532728430442
11.68,1.0000000265257292,1.0000532728430442
11.69,1.0000000216419491,1.0000532728430442
11.700000000000001,1.0000000167581773,1.0000532728430442
11.71,1.0000000118743895,1.0000532728430442
11.72,1.0000000069906114,1.0000532728430442
11.73,1.0000000021068316,1.0000532728430442
11.74,0.9999999972230594,1.0000532728430442
11.75,0.9999999923392727,1.0000532728430442
11.76,0.9999999874554956,1.0000532728430442
11.77,0.9999999825717188,1.0000532728430442
11.78,0.9999999776879428,1.0000532728430442
11.790000000000001,0.9999999728041608,1.0000532728430442
11.8,0.9999999679203848,1.0000532728430442
11.81,0.9999999630366025,1.0000532728430442
11.82,0.9999999581528247,1.0000532728430442
11.83,0.9999999532690456,1.0000532728430442
11.84,0.9999999483852762,1.0000532728430442
11.85,0.9999999435014969,1.0000532728430442
11.86,0.999999938617712,1.0000532728430442
11.870000000000001,0.9999999337339415,1.0000532728430442
11.88,0.9999999288501663,1.0000532728430442
11.89,0.9999999239663792,1.0000532728430442
11.9,0.9999999190825989,1.0000532728430442
11.91,0.9999999141988223,1.0000532728430442
11.92,0.9999999093150485,1.0000532728430442
11.93,0.9999999044312615,1.0000532728430442
11.94,0.9999998995474866,1.0000532728430442
11.950000000000001,0.9999998946637008,1.0000532728430442
11.96,0.9999998897799294,1.0000532728430442
11.97,0.9999998848961463,1.0000532728430442
11.98,0.999999880012372,1.0000532728430442
11.99,0.9999998751285931,1.0000532728430442
12,0.999999870244812,1.0000532728430442
12.01,0.999999865361039,1.0000532728430442
12.02,0.9999998604772597,1.0000532728430442
12.030000000000001,0.9999998555934848,1.0000532728430442
12.040000000000001,0.9999998507096997,1.0000532728430442
12.05,0.9999998458259189,1.0000532728430442
12.06,0.9999998409421391,1.0000532728430442
12.07,0.9999998360583676,1.0000532728430442
12.08,0.9999998311745938,1.0000532728430442
12.09,0.9999998262908053,1.0000532728430442
12.1,0.9999998214070319,1.0000532728430442
12.11,0.9999998165232585,1.0000532728430442
12.120000000000001,0.99999981163948,1.0000532728430442
12.13,0.9999998067556966,1.0000532728430442
12.14,0.9999998018719232,1.0000532728430442
12.15,0.9999997969881409,1.0000532728430442
12.16,0.9999997921043637,1.0000532728430442
12.17,0.9999997872205837,1.0000532728430442
12.18,0.9999997823368075,1.0000532728430442
12.19,0.9999997774530253,1.0000532728430442
12.200000000000001,0.999999772569239,1.0000532728430442
12.21,0.9999997676854641,1.0000532728430442
12.22,0.9999997628016927,1.0000532728430442
12.23,0.999999757917908,1.0000532728430442
12.24,0.9999997530341305,1.0000532728430442
12.25,0.9999997481503504,1.0000532728430442
12.26,0.9999997432665726,1.0000532728430442
12.27,0.9999997383827934,1.0000532728430442
12.280000000000001,0.9999997334990152,1.0000532728430442
12.290000000000001,0.9999997286152358,1.0000532728430442
12.3,0.9999997237314596,1.0000532728430442
12.31,0.999999718847676,1.0000532728430442
12.32,0.9999997139639011,1.0000532728430442
12.33,0.9999997090801275,1.0000532728430442
12.34,0.9999997041963481,1.0000532728430442
12.35,0.999999699312569,1.0000532728430442
12.36,0.9999996944287903,1.0000532728430442
12.370000000000001,0.999999689545011,1.0000532728430442
12.38,0.999999684661238,1.0000532728430442
12.39,0.9999996797774513,1.0000532728430442
12.4,0.9999996748936715,1.0000532728430442
12.41,0.9999996700098966,1.0000532728430442
12.42,0.9999996651261113,1.0000532728430442
12.43,0.999999660242339,1.0000532728430442
12.44,0.9999996553585654,1.0000532728430442
12.450000000000001,0.9999996504747829,1.0000532728430442
12.46,0.999999645591002,1.0000532728430442
12.47,0.9999996407072205,1.0000532728430442
12.48,0.9999996358234386,1.0000532728430442
12.49,0.9999996309396546,1.0000532728430442
12.5,0.9999996260558763,1.0000532728430442
12.51,0.9999996211721005,1.0000532728430442
12.52,0.9999996162883245,1.0000532728430442
12.530000000000001,0.9999996114045445,1.0000532728430442
12.540000000000001,0.9999996065207687,1.0000532728430442
12.55,0.9999996016369935,1.0000532728430442
12.56,0.9999995967532166,1.0000532728430442
12.57,0.9999995918694323,1.0000532728430442
12.58,0.9999995869856545,1.0000532728430442
12.59,0.9999995821018772,1.0000532728430442
12.6,0.9999995772181027,1.0000532728430442
12.61,0.9999995723343253,1.0000532728430442
12.620000000000001,0.9999995674505466,1.0000532728430442
12.63,0.999999562566765,1.0000532728430442
12.64,0.9999995576829835,1.0000532728430442
12.65,0.9999995527992062,1.0000532728430442
12.66,0.9999995479154221,1.0000532728430442
12.67,0.9999995430316452,1.0000532728430442
12.68,0.9999995381478693,1.0000532728430442
12.69,0.9999995332640871,1.0000532728430442
12.700000000000001,0.9999995283803129,1.0000532728430442
12.71,0.9999995234965346,1.0000532728430442
12.72,0.999999518612765,1.0000532728430442
12.73,0.9999995137289843,1.0000532728430442
12.74,0.9999995088452059,1.0000532728430442
12.75,0.9999995039614308,1.0000532728430442
12.76,0.9999994990776496,1.0000532728430442
12.77,0.9999994941938771,1.0000532728430442
12.780000000000001,0.99999948931009,1.0000532728430442
12.790000000000001,0.9999994844263101,1.0000532728430442
12.8,0.9999994795425358,1.0000532728430442
12.81,0.9999994746587657,1.0000532728430442
12.82,0.9999994697749826,1.0000532728430442
12.83,0.9999994648912014,1.0000532728430442
12.84,0.9999994600074245,1.0000532728430442
12.85,0.9999994551236415,1.0000532728430442
12.86,0.9999994502398589,1.0000532728430442
12.870000000000001,0.9999994453560751,1.0000532728430442
12.88,0.9999994404723013,1.0000532728430442
12.89,0.9999994355885286,1.0000532728430442
12.9,0.999999430704747,1.0000532728430442
12.91,0.9999994258209695,1.0000532728430442
12.92,0.9999994209371923,1.0000532728430442
12.93,0.9999994160534122,1.0000532728430442
12.94,0.9999994111696395,1.0000532728430442
12.950000000000001,0.9999994062858575,1.0000532728430442
12.96,0.9999994014020827,1.0000532728430442
12.97,0.9999993965182966,1.0000532728430442
12.98,0.9999993916345177,1.0000532728430442
12.99,0.9999993867507341,1.0000532728430442
13,0.9999993818669616,1.0000532728430442
13.01,0.999999376983188,1.0000532728430442
13.02,0.999999372099403,1.0000532728430442
13.030000000000001,0.9999993672156269,1.0000532728430442
13.040000000000001,0.9999993623318477,1.0000532728430442
13.05,0.9999993625753232,1.0000532728430442
13.06,0.9999993645347676,1.0000532728430442
13.07,0.9999993664942121,1.0000532728430442
13.08,0.999999368453663,1.0000532728430442
13.09,0.9999993704131035,1.0000532728430442
13.1,0.9999993723725521,1.0000532728430442
13.11,0.9999993743319897,1.0000532728430442
13.120000000000001,0.9999993762914315,1.0000532728430442
13.13,0.999999378250878,1.0000532728430442
13.14,0.9999993802103236,1.0000532728430442
13.15,0.999999382169768,1.0000532728430442
13.16,0.9999993841292063,1.0000532728430442
13.17,0.9999993860886519,1.0000532728430442
13.18,0.9999993880481,1.0000532728430442
13.19,0.9999993900075462,1.0000532728430442
13.200000000000001,0.9999993919669834,1.0000532728430442
13.21,0.9999993939264276,1.0000532728430442
13.22,0.9999993958858725,1.0000532728430442
13.23,0.9999993978453192,1.0000532728430442
13.24,0.9999993998047637,1.0000532728430442
13.25,0.9999994017642038,1.0000532728430442
13.26,0.9999994037236546,1.0000532728430442
13.27,0.9999994056830949,1.0000532728430442
13.280000000000001,0.9999994076425385,1.0000532728430442
13.290000000000001,0.9999994096019854,1.0000532728430442
13.3,0.99999941156143,1.0000532728430442
13.31,0.9999994135208745,1.0000532728430442
13.32,0.9999994154803188,1.0000532728430442
13.33,0.9999994174397637,1.0000532728430442
13.34,0.9999994193992027,1.0000532728430442
13.35,0.9999994213586495,1.0000532728430442
13.36,0.9999994233181004,1.0000532728430442
13.370000000000001,0.9999994252775483,1.0000532728430442
13.38,0.999999427236991,1.0000532728430442
13.39,0.9999994291964305,1.0000532728430442
13.4,0.9999994311558721,1.0000532728430442
13.41,0.9999994331153248,1.0000532728430442
13.42,0.9999994350747662,1.0000532728430442
13.43,0.9999994370342051,1.0000532728430442
13.44,0.9999994389936535,1.0000532728430442
13.450000000000001,0.9999994409531036,1.0000532728430442
13.46,0.9999994429125423,1.0000532728430442
13.47,0.9999994448719803,1.0000532728430442
13.48,0.9999994468314333,1.0000532728430442
13.49,0.9999994487908732,1.0000532728430442
13.5,0.9999994507503182,1.0000532728430442
13.51,0.999999452709762,1.0000532728430442
13.52,0.9999994546692036,1.0000532728430442
13.530000000000001,0.9999994566286519,1.0000532728430442
13.540000000000001,0.99999945858809,1.0000532728430442
13.55,0.9999994605475361,1.0000532728430442
13.56,0.9999994625069868,1.0000532728430442
13.57,0.9999994644664317,1.0000532728430442
13.58,0.9999994664258689,1.0000532728430442
13.59,0.9999994683853162,1.0000532728430442
13.6,0.9999994703447589,1.0000532728430442
13.61,0.9999994723042023,1.0000532728430442
13.620000000000001,0.999999474263651,1.0000532728430442
13.63,0.9999994762230927,1.0000532728430442
13.64,0.9999994781825388,1.0000532728430442
13.65,0.9999994801419826,1.0000532728430442
13.66,0.9999994821014251,1.0000532728430442
13.67,0.9999994840608711,1.0000532728430442
13.68,0.999999486020312,1.0000532728430442
13.69,0.9999994879797562,1.0000532728430442
13.700000000000001,0.9999994899392038,1.0000532728430442
13.71,0.9999994918986495,1.0000532728430442
13.72,0.9999994938580906,1.0000532728430442
13.73,0.9999994958175352,1.0000532728430442
13.74,0.9999994977769844,1.0000532728430442
13.75,0.9999994997364193,1.0000532728430442
13.76,0.9999995016958667,1.0000532728430442
13.77,0.9999995036553134,1.0000532728430442
13.780000000000001,0.9999995056147609,1.0000532728430442
13.790000000000001,0.9999995075742065,1.0000532728430442
13.8,0.9999995095336472,1.0000532728430442
13.81,0.9999995114930988,1.0000532728430442
13.82,0.9999995134525377,1.0000532728430442
13.83,0.9999995154119755,1.0000532728430442
13.84,0.99999951737142,1.0000532728430442
13.85,0.9999995193308618,1.0000532728430442
13.86,0.9999995212903059,1.0000532728430442
13.870000000000001,0.9999995232497587,1.0000532728430442
13.88,0.9999995252092008,1.0000532728430442
13.89,0.9999995271686384,1.0000532728430442
13.9,0.9999995291280849,1.0000532728430442
13.91,0.9999995310875351,1.0000532728430442
13.92,0.9999995330469824,1.0000532728430442
13.93,0.9999995350064202,1.0000532728430442
13.94,0.9999995369658743,1.0000532728430442
13.950000000000001,0.9999995389253135,1.0000532728430442
13.96,0.9999995408847566,1.0000532728430442
13.97,0.9999995428441988,1.0000532728430442
13.98,0.9999995448036433,1.0000532728430442
13.99,0.9999995467630851,1.0000532728430442
14,0.999999548722534,1.0000532728430442
14.01,0.9999995506819752,1.0000532728430442
14.02,0.9999995526414187,1.0000532728430442
14.030000000000001,0.9999995546008639,1.0000532728430442
14.040000000000001,0.9999995565603077,1.0000532728430442
14.05,0.9999995585197531,1.0000532728430442
14.06,0.9999995604792017,1.0000532728430442
14.07,0.9999995624386424,1.0000532728430442
14.08,0.999999564398092,1.0000532728430442
14.09,0.9999995663575307,1.0000532728430442
14.1,0.9999995683169732,1.0000532728430442
14.11,0.9999995702764162,1.0000532728430442
14.120000000000001,0.9999995722358581,1.0000532728430442
14.13,0.9999995741953055,1.0000532728430442
14.14,0.9999995761547538,1.0000532728430442
14.15,0.9999995781141996,1.0000532728430442
14.16,0.9999995800736402,1.0000532728430442
14.17,0.9999995820330914,1.0000532728430442
14.18,0.9999995839925352,1.0000532728430442
14.19,0.9999995859519841,1.0000532728430442
14.200000000000001,0.9999995879114243,1.0000532728430442
14.21,0.9999995898708692,1.0000532728430442
14.22,0.9999995918303171,1.0000532728430442
14.23,0.9999995937897636,1.0000532728430442
14.24,0.9999995957492083,1.0000532728430442
14.25,0.9999995977086471,1.0000532728430442
14.26,0.9999995996680909,1.0000532728430442
14.27,0.9999996016275352,1.0000532728430442
14.280000000000001,0.9999996035869797,1.0000532728430442
14.290000000000001,0.9999996055464244,1.0000532728430442
14.3,0.9999996075058717,1.0000532728430442
14.31,0.9999996094653117,1.0000532728430442
14.32,0.9999996114247549,1.0000532728430442
14.33,0.9999996133841976,1.0000532728430442
14.34,0.9999996153436439,1.0000532728430442
14.35,0.9999996173030887,1.0000532728430442
14.36,0.9999996192625337,1.0000532728430442
14.370000000000001,0.9999996212219764,1.0000532728430442
14.38,0.9999996231814202,1.0000532728430442
14.39,0.999999625140869,1.0000532728430442
14.4,0.999999627100312,1.0000532728430442
14.41,0.9999996290597538,1.0000532728430442
14.42,0.9999996310192025,1.0000532728430442
14.43,0.9999996329786461,1.0000532728430442
14.44,0.9999996349380894,1.0000532728430442
14.450000000000001,0.9999996368975357,1.0000532728430442
14.46,0.9999996388569753,1.0000532728430442
14.47,0.9999996408164171,1.0000532728430442
14.48,0.9999996427758645,1.0000532728430442
14.49,0.9999996447353124,1.0000532728430442
14.5,0.9999996466947565,1.0000532728430442
14.51,0.9999996486542025,1.0000532728430442
14.52,0.9999996506136426,1.0000532728430442
14.530000000000001,0.9999996525730829,1.0000532728430442
14.540000000000001,0.9999996545325232,1.0000532728430442
14.55,0.9999996564919722,1.0000532728430442
14.56,0.9999996584514156,1.0000532728430442
14.57,0.9999996604108614,1.0000532728430442
14.58,0.9999996623703079,1.0000532728430442
14.59,0.9999996643297547,1.0000532728430442
14.6,0.9999996662892012,1.0000532728430442
14.61,0.9999996682486431,1.0000532728430442
14.620000000000001,0.9999996702080816,1.0000532728430442
14.63,0.9999996721675243,1.0000532728430442
14.64,0.9999996741269687,1.0000532728430442
14.65,0.9999996760864127,1.0000532728430442
14.66,0.9999996780458614,1.0000532728430442
14.67,0.999999680005305,1.0000532728430442
14.68,0.9999996819647594,1.0000532728430442
14.69,0.9999996839242032,1.0000532728430442
14.700000000000001,0.9999996858836462,1.0000532728430442
14.71,0.9999996878430938,1.0000532728430442
14.72,0.9999996898025325,1.0000532728430442
14.73,0.9999996917619767,1.0000532728430442
14.74,0.9999996937214198,1.0000532728430442
14.75,0.9999996956808661,1.0000532728430442
14.76,0.9999996976403122,1.0000532728430442
14.77,0.9999996995997565,1.0000532728430442
14.780000000000001,0.9999997015591988,1.0000532728430442
14.790000000000001,0.9999997035186418,1.0000532728430442
14.8,0.9999997054780916,1.0000532728430442
14.81,0.9999997074375303,1.0000532728430442
14.82,0.9999997093969704,1.0000532728430442
14.83,0.9999997113564116,1.0000532728430442
14.84,0.999999713315861,1.0000532728430442
14.85,0.9999997152753046,1.0000532728430442
14.86,0.9999997172347471,1.0000532728430442
14.870000000000001,0.9999997191941973,1.0000532728430442
14.88,0.9999997211536387,1.0000532728430442
14.89,0.9999997231130832,1.0000532728430442
14.9,0.9999997250725237,1.0000532728430442
14.91,0.9999997270319764,1.0000532728430442
14.92,0.9999997289914165,1.0000532728430442
14.93,0.9999997309508559,1.0000532728430442
14.94,0.9999997329103057,1.0000532728430442
14.950000000000001,0.9999997348697454,1.0000532728430442
14.96,0.9999997368291907,1.0000532728430442
14.97,0.9999997387886367,1.0000532728430442
14.98,0.9999997407480852,1.0000532728430442
14.99,0.9999997427075317,1.0000532728430442
15,0.9999997446669684,1.0000532728430442
15.01,0.9999997466264142,1.0000532728430442
15.02,0.9999997485858588,1.0000532728430442
15.030000000000001,0.9999997505453033,1.0000532728430442
15.040000000000001,0.9999997525047418,1.0000532728430442
15.05,0.99999975399196,1.0000532728430442
15.06,0.9999997553211284,1.0000532728430442
15.07,0.9999997566502996,1.0000532728430442
15.08,0.9999997579794682,1.0000532728430442
15.09,0.9999997593086397,1.0000532728430442
15.1,0.9999997606378074,1.0000532728430442
15.11,0.9999997619669792,1.0000532728430442
15.120000000000001,0.9999997632961461,1.0000532728430442
15.13,0.9999997646253181,1.0000532728430442
15.14,0.9999997659544887,1.0000532728430442
15.15,0.999999767283657,1.0000532728430442
15.16,0.9999997686128312,1.0000532728430442
15.17,0.9999997699420013,1.0000532728430442
15.18,0.9999997712711709,1.0000532728430442
15.19,0.9999997726003423,1.0000532728430442
15.200000000000001,0.9999997739295137,1.0000532728430442
15.21,0.9999997752586833,1.0000532728430442
15.22,0.9999997765878526,1.0000532728430442
15.23,0.9999997779170228,1.0000532728430442
15.24,0.9999997792461933,1.0000532728430442
15.25,0.9999997805753646,1.0000532728430442
15.26,0.9999997819045359,1.0000532728430442
15.27,0.9999997832337009,1.0000532728430442
15.280000000000001,0.9999997845628686,1.0000532728430442
15.290000000000001,0.999999785892039,1.0000532728430442
15.3,0.9999997872212121,1.0000532728430442
15.31,0.9999997885503793,1.0000532728430442
15.32,0.9999997898795535,1.0000532728430442
15.33,0.9999997912087187,1.0000532728430442
15.34,0.9999997925378875,1.0000532728430442
15.35,0.9999997938670584,1.0000532728430442
15.36,0.9999997951962285,1.0000532728430442
15.370000000000001,0.9999997965254005,1.0000532728430442
15.38,0.9999997978545664,1.0000532728430442
15.39,0.9999997991837369,1.0000532728430442
15.4,0.9999998005129065,1.0000532728430442
15.41,0.999999801842079,1.0000532728430442
15.42,0.9999998031712499,1.0000532728430442
15.43,0.9999998045004209,1.0000532728430442
15.44,0.9999998058295908,1.0000532728430442
15.450000000000001,0.9999998071587601,1.0000532728430442
15.46,0.9999998084879294,1.0000532728430442
15.47,0.9999998098171009,1.0000532728430442
15.48,0.999999811146273,1.0000532728430442
15.49,0.9999998124754395,1.0000532728430442
15.5,0.9999998138046122,1.0000532728430442
15.51,0.9999998151337803,1.0000532728430442
15.52,0.999999816462951,1.0000532728430442
15.530000000000001,0.9999998177921227,1.0000532728430442
15.540000000000001,0.9999998191212887,1.0000532728430442
15.55,0.999999820450459,1.0000532728430442
15.56,0.9999998217796258,1.0000532728430442
15.57,0.9999998231087975,1.0000532728430442
15.58,0.9999998244379676,1.0000532728430442
15.59,0.9999998257671372,1.0000532728430442
15.6,0.9999998270963104,1.0000532728430442
15.610000000000001,0.9999998284254776,1.0000532728430442
15.620000000000001,0.9999998297546518,1.0000532728430442
15.63,0.9999998310838242,1.0000532728430442
15.64,0.9999998324129924,1.0000532728430442
15.65,0.9999998337421634,1.0000532728430442
15.66,0.9999998350713307,1.0000532728430442
15.67,0.9999998364004997,1.0000532728430442
15.68,0.9999998377296692,1.0000532728430442
15.69,0.9999998390588412,1.0000532728430442
15.700000000000001,0.9999998403880164,1.0000532728430442
15.71,0.9999998417171873,1.0000532728430442
15.72,0.9999998430463569,1.0000532728430442
15.73,0.9999998443755218,1.0000532728430442
15.74,0.9999998457046968,1.0000532728430442
15.75,0.9999998470338669,1.0000532728430442
15.76,0.9999998483630373,1.0000532728430442
15.77,0.9999998496922037,1.0000532728430442
15.780000000000001,0.9999998510213715,1.0000532728430442
15.790000000000001,0.9999998523505411,1.0000532728430442
15.8,0.9999998536797151,1.0000532728430442
15.81,0.9999998550088814,1.0000532728430442
15.82,0.9999998563380553,1.0000532728430442
15.83,0.999999857667224,1.0000532728430442
15.84,0.9999998589963963,1.0000532728430442
15.85,0.999999860325563,1.0000532728430442
15.860000000000001,0.9999998616547311,1.0000532728430442
15.870000000000001,0.9999998629839045,1.0000532728430442
15.88,0.9999998643130714,1.0000532728430442
15.89,0.9999998656422397,1.0000532728430442
15.9,0.9999998669714133,1.0000532728430442
15.91,0.9999998683005783,1.0000532728430442
15.92,0.9999998696297541,1.0000532728430442
15.93,0.9999998709589222,1.0000532728430442
15.94,0.9999998722880921,1.0000532728430442
15.950000000000001,0.9999998736172654,1.0000532728430442
15.96,0.9999998749464377,1.0000532728430442
15.97,0.9999998762756022,1.0000532728430442
15.98,0.9999998776047734,1.0000532728430442
15.99,0.9999998789339408,1.0000532728430442
16,0.9999998802631126,1.0000532728430442
16.01,0.9999998815922849,1.0000532728430442
16.02,0.9999998829214554,1.0000532728430442
16.03,0.999999884250625,1.0000532728430442
16.04,0.9999998855797911,1.0000532728430442
16.05,0.9999998869089585,1.0000532728430442
16.06,0.9999998882381286,1.0000532728430442
16.07,0.9999998895672946,1.0000532728430442
16.080000000000002,0.9999998908964669,1.0000532728430442
16.09,0.9999998922256339,1.0000532728430442
16.1,0.9999998935548028,1.0000532728430442
16.11,0.9999998948839733,1.0000532728430442
16.12,0.9999998962131436,1.0000532728430442
16.13,0.9999998975423166,1.0000532728430442
16.14,0.9999998988714854,1.0000532728430442
16.15,0.9999999002006558,1.0000532728430442
16.16,0.9999999015298257,1.0000532728430442
16.17,0.9999999028589974,1.0000532728430442
16.18,0.9999999041881666,1.0000532728430442
16.19,0.9999999055173384,1.0000532728430442
16.2,0.9999999068465067,1.0000532728430442
16.21,0.9999999081756786,1.0000532728430442
16.22,0.9999999095048486,1.0000532728430442
16.23,0.999999910834025,1.0000532728430442
16.240000000000002,0.999999912163195,1.0000532728430442
16.25,0.9999999134923597,1.0000532728430442
16.26,0.999999914821535,1.0000532728430442
16.27,0.9999999161507016,1.0000532728430442
16.28,0.9999999174798699,1.0000532728430442
16.29,0.9999999188090359,1.0000532728430442
16.3,0.9999999201382085,1.0000532728430442
16.31,0.999999921467376,1.0000532728430442
16.32,0.9999999227965495,1.0000532728430442
16.330000000000002,0.9999999241257208,1.0000532728430442
16.34,0.9999999254548916,1.0000532728430442
16.35,0.9999999267840619,1.0000532728430442
16.36,0.9999999281132284,1.0000532728430442
16.37,0.9999999294423985,1.0000532728430442
16.38,0.9999999307715693,1.0000532728430442
16.39,0.9999999321007361,1.0000532728430442
16.4,0.999999933429906,1.0000532728430442
16.41,0.9999999347590756,1.0000532728430442
16.42,0.999999936088249,1.0000532728430442
16.43,0.9999999374174208,1.0000532728430442
16.44,0.9999999387465947,1.0000532728430442
16.45,0.9999999400757626,1.0000532728430442
16.46,0.999999941404935,1.0000532728430442
16.47,0.9999999427341015,1.0000532728430442
16.48,0.9999999440632706,1.0000532728430442
16.490000000000002,0.9999999453924465,1.0000532728430442
16.5,0.9999999467216136,1.0000532728430442
16.51,0.9999999480507835,1.0000532728430442
16.52,0.9999999493799552,1.0000532728430442
16.53,0.9999999507091178,1.0000532728430442
16.54,0.9999999520382871,1.0000532728430442
16.55,0.9999999533674577,1.0000532728430442
16.56,0.9999999546966349,1.0000532728430442
16.57,0.9999999560258025,1.0000532728430442
16.580000000000002,0.9999999573549757,1.0000532728430442
16.59,0.9999999586841469,1.0000532728430442
16.6,0.9999999600133149,1.0000532728430442
16.61,0.999999961342481,1.0000532728430442
16.62,0.9999999626716508,1.0000532728430442
16.63,0.9999999640008211,1.0000532728430442
16.64,0.9999999653299915,1.0000532728430442
16.65,0.999999966659161,1.0000532728430442
16.66,0.9999999679883302,1.0000532728430442
16.67,0.9999999693175058,1.0000532728430442
16.68,0.9999999706466761,1.0000532728430442
16.69,0.9999999719758452,1.0000532728430442
16.7,0.9999999733050133,1.0000532728430442
16.71,0.9999999746341812,1.0000532728430442
16.72,0.9999999759633528,1.0000532728430442
16.73,0.9999999772925198,1.0000532728430442
16.740000000000002,0.9999999786216951,1.0000532728430442
16.75,0.9999999799508617,1.0000532728430442
16.76,0.9999999812800338,1.0000532728430442
16.77,0.9999999826092009,1.0000532728430442
16.78,0.9999999839383714,1.0000532728430442
16.79,0.9999999852675419,1.0000532728430442
16.8,0.9999999865967113,1.0000532728430442
16.81,0.999999987925884,1.0000532728430442
16.82,0.9999999892550501,1.0000532728430442
16.830000000000002,0.9999999905842211,1.0000532728430442
16.84,0.999999991913388,1.0000532728430442
16.85,0.9999999932425532,1.0000532728430442
16.86,0.9999999945717255,1.0000532728430442
16.87,0.9999999959008979,1.0000532728430442
16.88,0.9999999972300698,1.0000532728430442
16.89,0.9999999985592383,1.0000532728430442
16.9,0.9999999998884068,1.0000532728430442
16.91,1.0000000012175796,1.0000532728430442
16.92,1.0000000025467513,1.0000532728430442
16.93,1.0000000038759236,1.0000532728430442
16.94,1.0000000052050932,1.0000532728430442
16.95,1.0000000065342618,1.0000532728430442
16.96,1.0000000078634321,1.0000532728430442
16.97,1.0000000091926018,1.0000532728430442
16.98,1.00000001052177,1.0000532728430442
16.990000000000002,1.000000011850943,1.0000532728430442
17,1.0000000131801141,1.0000532728430442
17.01,1.0000000145092853,1.0000532728430442
17.02,1.0000000158384565,1.0000532728430442
17.03,1.000000017167624,1.0000532728430442
17.04,1.0000000184967885,1.0000532728430442
17.05,1.0000000189139169,1.0000532728430442
17.06,1.0000000190258085,1.0000532728430442
17.07,1.0000000191376959,1.0000532728430442
17.080000000000002,1.0000000192495868,1.0000532728430442
17.09,1.0000000193614806,1.0000532728430442
17.1,1.0000000194733676,1.0000532728430442
17.11,1.0000000195852592,1.0000532728430442
17.12,1.0000000196971535,1.0000532728430442
17.13,1.0000000198090429,1.0000532728430442
17.14,1.0000000199209298,1.0000532728430442
17.150000000000002,1.0000000200328205,1.0000532728430442
17.16,1.0000000201447126,1.0000532728430442
17.17,1.0000000202566013,1.0000532728430442
17.18,1.000000020368491,1.0000532728430442
17.19,1.0000000204803818,1.0000532728430442
17.2,1.0000000205922697,1.0000532728430442
17.21,1.0000000207041595,1.0000532728430442
17.22,1.0000000208160513,1.0000532728430442
17.23,1.0000000209279392,1.0000532728430442
17.240000000000002,1.00000002103983,1.0000532728430442
17.25,1.0000000211517222,1.0000532728430442
17.26,1.000000021263614,1.0000532728430442
17.27,1.0000000213755051,1.0000532728430442
17.28,1.0000000214873959,1.0000532728430442
17.29,1.000000021599282,1.0000532728430442
17.3,1.0000000217111749,1.0000532728430442
17.31,1.0000000218230647,1.0000532728430442
17.32,1.000000021934956,1.0000532728430442
17.330000000000002,1.0000000220468463,1.0000532728430442
17.34,1.0000000221587355,1.0000532728430442
17.35,1.0000000222706265,1.0000532728430442
17.36,1.0000000223825154,1.0000532728430442
17.37,1.000000022494407,1.0000532728430442
17.38,1.000000022606294,1.0000532728430442
17.39,1.000000022718181,1.0000532728430442
17.400000000000002,1.0000000228300712,1.0000532728430442
17.41,1.0000000229419603,1.0000532728430442
17.42,1.0000000230538502,1.0000532728430442
17.43,1.0000000231657387,1.0000532728430442
17.44,1.0000000232776294,1.0000532728430442
17.45,1.0000000233895214,1.0000532728430442
17.46,1.0000000235014126,1.0000532728430442
17.47,1.000000023613307,1.0000532728430442
17.48,1.0000000237251947,1.0000532728430442
17.490000000000002,1.0000000238370832,1.0000532728430442
17.5,1.000000023948976,1.0000532728430442
17.51,1.0000000240608642,1.0000532728430442
17.52,1.0000000241727562,1.0000532728430442
17.53,1.0000000242846472,1.0000532728430442
17.54,1.0000000243965412,1.0000532728430442
17.55,1.0000000245084317,1.0000532728430442
17.56,1.0000000246203224,1.0000532728430442
17.57,1.0000000247322105,1.0000532728430442
17.580000000000002,1.000000024844102,1.0000532728430442
17.59,1.0000000249559913,1.0000532728430442
17.6,1.0000000250678838,1.0000532728430442
17.61,1.0000000251797723,1.0000532728430442
17.62,1.00000002529166,1.0000532728430442
17.63,1.000000025403554,1.0000532728430442
17.64,1.0000000255154402,1.0000532728430442
17.650000000000002,1.000000025627335,1.0000532728430442
17.66,1.0000000257392232,1.0000532728430442
17.67,1.0000000258511126,1.0000532728430442
17.68,1.0000000259630035,1.0000532728430442
17.69,1.000000026074891,1.0000532728430442
17.7,1.0000000261867825,1.0000532728430442
17.71,1.000000026298675,1.0000532728430442
17.72,1.0000000264105664,1.0000532728430442
17.73,1.0000000265224582,1.0000532728430442
17.740000000000002,1.0000000266343432,1.0000532728430442
17.75,1.0000000267462363,1.0000532728430442
17.76,1.0000000268581275,1.0000532728430442
17.77,1.0000000269700189,1.0000532728430442
17.78,1.0000000270819092,1.0000532728430442
17.79,1.000000027193801,1.0000532728430442
17.8,1.0000000273056895,1.0000532728430442
17.81,1.0000000274175784,1.0000532728430442
17.82,1.000000027529476,1.0000532728430442
17.830000000000002,1.0000000276413634,1.0000532728430442
17.84,1.0000000277532537,1.0000532728430442
17.85,1.0000000278651433,1.0000532728430442
17.86,1.0000000279770338,1.0000532728430442
17.87,1.000000028088923,1.0000532728430442
17.88,1.0000000282008157,1.0000532728430442
17.89,1.000000028312705,1.0000532728430442
17.900000000000002,1.0000000284245956,1.0000532728430442
17.91,1.0000000285364872,1.0000532728430442
17.92,1.0000000286483781,1.0000532728430442
17.93,1.0000000287602728,1.0000532728430442
17.94,1.0000000288721624,1.0000532728430442
17.95,1.0000000289840525,1.0000532728430442
17.96,1.0000000290959408,1.0000532728430442
17.97,1.0000000292078328,1.0000532728430442
17.98,1.0000000293197233,1.0000532728430442
17.990000000000002,1.000000029431615,1.0000532728430442
18,1.0000000295435032,1.0000532728430442
18.01,1.0000000296553933,1.0000532728430442
18.02,1.0000000297672897,1.0000532728430442
18.03,1.000000029879176,1.0000532728430442
18.04,1.0000000299910663,1.0000532728430442
18.05,1.0000000301029557,1.0000532728430442
18.06,1.0000000302148493,1.0000532728430442
18.07,1.000000030326739,1.0000532728430442
18.080000000000002,1.0000000304386296,1.0000532728430442
18.09,1.00000003055052,1.0000532728430442
18.1,1.0000000306624077,1.0000532728430442
18.11,1.0000000307742987,1.0000532728430442
18.12,1.0000000308861878,1.0000532728430442
18.13,1.000000030998076,1.0000532728430442
18.14,1.0000000311099662,1.0000532728430442
18.150000000000002,1.0000000312218607,1.0000532728430442
18.16,1.0000000313337503,1.0000532728430442
18.17,1.0000000314456432,1.0000532728430442
18.18,1.0000000315575306,1.0000532728430442
18.19,1.0000000316694206,1.0000532728430442
18.2,1.0000000317813156,1.0000532728430442
18.21,1.0000000318931994,1.0000532728430442
18.22,1.0000000320050912,1.0000532728430442
18.23,1.0000000321169789,1.0000532728430442
18.240000000000002,1.0000000322288691,1.0000532728430442
18.25,1.0000000323407596,1.0000532728430442
18.26,1.000000032452651,1.0000532728430442
18.27,1.0000000325645424,1.0000532728430442
18.28,1.0000000326764313,1.0000532728430442
18.29,1.0000000327883238,1.0000532728430442
18.3,1.0000000329002108,1.0000532728430442
18.31,1.0000000330121046,1.0000532728430442
18.32,1.0000000331239955,1.0000532728430442
18.330000000000002,1.0000000332358847,1.0000532728430442
18.34,1.0000000333477739,1.0000532728430442
18.35,1.0000000334596642,1.0000532728430442
18.36,1.0000000335715522,1.0000532728430442
18.37,1.0000000336834438,1.0000532728430442
18.38,1.000000033795334,1.0000532728430442
18.39,1.000000033907222,1.0000532728430442
18.400000000000002,1.0000000340191109,1.0000532728430442
18.41,1.0000000341310042,1.0000532728430442
18.42,1.0000000342428939,1.0000532728430442
18.43,1.0000000343547852,1.0000532728430442
18.44,1.0000000344666788,1.0000532728430442
18.45,1.0000000345785665,1.0000532728430442
18.46,1.0000000346904583,1.0000532728430442
18.47,1.0000000348023443,1.0000532728430442
18.48,1.0000000349142362,1.0000532728430442
18.490000000000002,1.0000000350261293,1.0000532728430442
18.5,1.0000000351380196,1.0000532728430442
18.51,1.0000000352499099,1.0000532728430442
18.52,1.0000000353617984,1.0000532728430442
18.53,1.0000000354736907,1.0000532728430442
18.54,1.0000000355855778,1.0000532728430442
18.55,1.0000000356974688,1.0000532728430442
18.56,1.0000000358093615,1.0000532728430442
18.57,1.0000000359212518,1.0000532728430442
18.580000000000002,1.0000000360331454,1.0000532728430442
18.59,1.0000000361450334,1.0000532728430442
18.6,1.0000000362569246,1.0000532728430442
18.61,1.0000000363688157,1.0000532728430442
18.62,1.0000000364807053,1.0000532728430442
18.63,1.0000000365925976,1.0000532728430442
18.64,1.0000000367044906,1.0000532728430442
18.650000000000002,1.0000000368163762,1.0000532728430442
18.66,1.0000000369282696,1.0000532728430442
18.67,1.00000003704016,1.0000532728430442
18.68,1.000000037152051,1.0000532728430442
18.69,1.0000000372639415,1.0000532728430442
18.7,1.0000000373758313,1.0000532728430442
18.71,1.0000000374877251,1.0000532728430442
18.72,1.0000000375996174,1.0000532728430442
18.73,1.0000000377115053,1.0000532728430442
18.740000000000002,1.0000000378233995,1.0000532728430442
18.75,1.0000000379352878,1.0000532728430442
18.76,1.000000038047179,1.0000532728430442
18.77,1.0000000381590715,1.0000532728430442
18.78,1.0000000382709617,1.0000532728430442
18.79,1.0000000383828533,1.0000532728430442
18.8,1.0000000384947416,1.0000532728430442
18.81,1.0000000386066321,1.0000532728430442
18.82,1.0000000387185204,1.0000532728430442
18.830000000000002,1.0000000388304104,1.0000532728430442
18.84,1.0000000389423005,1.0000532728430442
18.85,1.0000000390541888,1.0000532728430442
18.86,1.000000039166076,1.0000532728430442
18.87,1.0000000392779655,1.0000532728430442
18.88,1.0000000393898585,1.0000532728430442
18.89,1.0000000395017514,1.0000532728430442
18.900000000000002,1.0000000396136386,1.0000532728430442
18.91,1.0000000397255273,1.0000532728430442
18.92,1.0000000398374178,1.0000532728430442
18.93,1.0000000399493072,1.0000532728430442
18.94,1.000000040061197,1.0000532728430442
18.95,1.0000000401730913,1.0000532728430442
18.96,1.000000040284979,1.0000532728430442
18.97,1.0000000403968703,1.0000532728430442
18.98,1.000000040508763,1.0000532728430442
18.990000000000002,1.000000040620653,1.0000532728430442
19,1.0000000407325444,1.0000532728430442
19.01,1.0000000408444336,1.0000532728430442
19.02,1.0000000409563226,1.0000532728430442
19.03,1.0000000410682148,1.0000532728430442
19.04,1.000000041180103,1.0000532728430442
19.05,1.0000000410937215,1.0000532728430442
19.06,1.0000000409409753,1.0000532728430442
19.07,1.000000040788232,1.0000532728430442
19.080000000000002,1.0000000406354876,1.0000532728430442
19.09,1.0000000404827418,1.0000532728430442
19.1,1.0000000403299973,1.0000532728430442
19.11,1.000000040177252,1.0000532728430442
19.12,1.000000040024507,1.0000532728430442
19.13,1.000000039871765,1.0000532728430442
19.14,1.0000000397190176,1.0000532728430442
19.150000000000002,1.0000000395662763,1.0000532728430442
19.16,1.0000000394135355,1.0000532728430442
19.17,1.0000000392607893,1.0000532728430442
19.18,1.0000000391080455,1.0000532728430442
19.19,1.0000000389553036,1.0000532728430442
19.2,1.0000000388025567,1.0000532728430442
19.21,1.0000000386498116,1.0000532728430442
19.22,1.0000000384970682,1.0000532728430442
19.23,1.000000038344323,1.0000532728430442
19.240000000000002,1.0000000381915826,1.0000532728430442
19.25,1.0000000380388354,1.0000532728430442
19.26,1.0000000378860932,1.0000532728430442
19.27,1.000000037733348,1.0000532728430442
19.28,1.0000000375806068,1.0000532728430442
19.29,1.0000000374278615,1.0000532728430442
19.3,1.0000000372751174,1.0000532728430442
19.31,1.0000000371223747,1.0000532728430442
19.32,1.0000000369696314,1.0000532728430442
19.330000000000002,1.0000000368168893,1.0000532728430442
19.34,1.0000000366641466,1.0000532728430442
19.35,1.0000000365114006,1.0000532728430442
19.36,1.000000036358657,1.0000532728430442
19.37,1.0000000362059116,1.0000532728430442
19.38,1.000000036053166,1.0000532728430442
19.39,1.000000035900426,1.0000532728430442
19.400000000000002,1.0000000357476821,1.0000532728430442
19.41,1.0000000355949383,1.0000532728430442
19.42,1.0000000354421934,1.0000532728430442
19.43,1.0000000352894496,1.0000532728430442
19.44,1.0000000351367064,1.0000532728430442
19.45,1.0000000349839615,1.0000532728430442
19.46,1.0000000348312161,1.0000532728430442
19.47,1.0000000346784699,1.0000532728430442
19.48,1.0000000345257272,1.0000532728430442
19.490000000000002,1.0000000343729833,1.0000532728430442
19.5,1.0000000342202395,1.0000532728430442
19.51,1.0000000340674964,1.0000532728430442
19.52,1.0000000339147506,1.0000532728430442
19.53,1.0000000337620067,1.0000532728430442
19.54,1.000000033609265,1.0000532728430442
19.55,1.000000033456519,1.0000532728430442
19.56,1.0000000333037748,1.0000532728430442
19.57,1.0000000331510281,1.0000532728430442
19.580000000000002,1.0000000329982863,1.0000532728430442
19.59,1.0000000328455418,1.0000532728430442
19.6,1.0000000326927962,1.0000532728430442
19.61,1.000000032540052,1.0000532728430442
19.62,1.0000000323873088,1.0000532728430442
19.63,1.0000000322345617,1.0000532728430442
19.64,1.0000000320818196,1.0000532728430442
19.650000000000002,1.0000000319290758,1.0000532728430442
19.66,1.0000000317763338,1.0000532728430442
19.67,1.0000000316235889,1.0000532728430442
19.68,1.000000031470846,1.0000532728430442
19.69,1.0000000313181026,1.0000532728430442
19.7,1.0000000311653587,1.0000532728430442
19.71,1.000000031012613,1.0000532728430442
19.72,1.0000000308598704,1.0000532728430442
19.73,1.0000000307071257,1.0000532728430442
19.740000000000002,1.0000000305543815,1.0000532728430442
19.75,1.0000000304016377,1.0000532728430442
19.76,1.0000000302488892,1.0000532728430442
19.77,1.0000000300961496,1.0000532728430442
19.78,1.0000000299434033,1.0000532728430442
19.79,1.0000000297906582,1.0000532728430442
19.8,1.0000000296379186,1.0000532728430442
19.81,1.0000000294851732,1.0000532728430442
19.82,1.0000000293324296,1.0000532728430442
19.830000000000002,1.0000000291796864,1.0000532728430442
19.84,1.0000000290269428,1.0000532728430442
19.85,1.0000000288741964,1.0000532728430442
19.86,1.0000000287214537,1.0000532728430442
19.87,1.0000000285687107,1.0000532728430442
19.88,1.0000000284159638,1.0000532728430442
19.89,1.0000000282632193,1.0000532728430442
19.900000000000002,1.000000028110476,1.0000532728430442
19.91,1.0000000279577308,1.0000532728430442
19.92,1.000000027804987,1.0000532728430442
19.93,1.0000000276522434,1.0000532728430442
19.94,1.0000000274994993,1.0000532728430442
19.95,1.0000000273467538,1.0000532728430442
19.96,1.00000002719401,1.0000532728430442
19.97,1.0000000270412661,1.0000532728430442
19.98,1.0000000268885223,1.0000532728430442
19.990000000000002,1.0000000267357765,1.0000532728430442
20,1.000000026583031,1.0000532728430442
