% Model,COMSOL_3D_CNN_Design_3_Phase_1.mph
% Version,COMSOL 6.3.0.290
% Date,"Dec 25 2025, 16:48"
% Table,Table 1 - Surface Average 1
% Time (s),c_Outlet (mol/m^3)
0,-3.4506825821141223E-230
0.0166667,-6.690857329614098E-199
0.0333334,-2.230557964666051E-192
0.0500001,-1.2413772704374317E-191
0.0666668,1.505261147229058E-127
0.0833335,3.0620156368674927E-127
0.1000002,4.618770126505926E-127
0.11666689999999999,5.0113232227158296E-71
0.1333336,1.0350223978335022E-70
0.1500003,1.5689124733954217E-70
0.166667,2.102802548957342E-70
0.1833337,2.6366926245192588E-70
0.2000004,3.1705827000811796E-70
0.2166671,6.710216962312312E-69
0.23333379999999998,1.395086468142886E-68
0.2500005,2.1191512400545426E-68
0.2666672,2.843216011966197E-68
0.28333389999999997,3.567280783877853E-68
0.3000006,4.291345555789508E-68
0.3166673,8.839219125789184E-40
0.333334,1.954660012327807E-39
0.3500007,3.02539811207669E-39
0.3666674,4.0961362118255765E-39
0.3833341,5.166874311574463E-39
0.4000008,6.237612411323346E-39
0.41666749999999997,7.30835051107223E-39
0.4333342,8.379088610821118E-39
0.4500009,9.449826710570003E-39
0.46666759999999996,1.052056481031889E-38
0.4833343,1.1591302910067775E-38
0.500001,1.266204100981666E-38
0.5166677,6.788322929868914E-38
0.5333344,1.449643806530082E-37
0.5500011,2.2204553200732735E-37
0.5666677999999999,2.9912668336164585E-37
0.5833345,3.762078347159651E-37
0.6000012,4.532889860702843E-37
0.6166678999999999,5.3037013742460274E-37
0.6333346,6.074512887789218E-37
0.6500013,6.845324401332408E-37
0.666668,7.6161359148756E-37
0.6833347,8.386947428418786E-37
0.7000014,9.157758941961978E-37
0.7166681,3.5824024571473145E-23
0.7333348,9.560138538672724E-23
0.7500015,1.5537874620198159E-22
0.7666682,2.1515610701723606E-22
0.7833349,2.749334678324901E-22
0.8000016,3.3471082864774444E-22
0.8166683,3.9448818946299903E-22
0.8333349999999999,4.54265550278253E-22
0.8500017,5.140429110935073E-22
0.8666684,5.738202719087618E-22
0.8833350999999999,6.335976327240159E-22
0.9000018,6.933749935392702E-22
0.9166685,7.531523543545248E-22
0.9333351999999999,8.129297151697789E-22
0.9500019,8.727070759850332E-22
0.9666686,9.324844368002875E-22
0.9833353,9.922617976155422E-22
1.000002,1.0520391584307965E-21
1.0166686999999999,1.1118165192460506E-21
1.0333354,1.1715938800613046E-21
1.0500021,1.2313712408765595E-21
1.0666688,1.2911486016918134E-21
1.0833355,1.350925962507068E-21
1.1000022,1.4107033233223228E-21
1.1166689,2.2687082112748313E-21
1.1333355999999999,4.4681851639729545E-21
1.1500023,6.667662116671114E-21
1.166669,8.867139069369263E-21
1.1833357,1.1066616022067416E-20
1.2000024,1.3266092974765575E-20
1.2166691,1.5465569927463724E-20
1.2333357999999999,1.7665046880161846E-20
1.2500025,1.9864523832860005E-20
1.2666692,2.206400078555816E-20
1.2833359,2.4263477738256314E-20
1.3000026,2.6462954690954473E-20
1.3166693,2.866243164365262E-20
1.333336,3.086190859635078E-20
1.3500026999999999,3.306138554904891E-20
1.3666694,3.526086250174705E-20
1.3833361,3.7460339454445204E-20
1.4000028,3.9659816407143363E-20
1.4166695,4.185929335984152E-20
1.4333362,4.4058770312539663E-20
1.4500028999999999,4.625824726523781E-20
1.4666696,4.8457724217935957E-20
1.4833363,5.065720117063409E-20
1.500003,5.285667812333226E-20
1.5166697,6.070288995958124E-20
1.5333364,1.0136237851271236E-19
1.5500030999999999,1.4202186706584295E-19
1.5666698,1.8268135561897422E-19
1.5833365,2.2334084417210524E-19
1.6000032,2.640003327252364E-19
1.6166699,3.046598212783676E-19
1.6333366,3.45319309831499E-19
1.6500033,3.859787983846299E-19
1.6666699999999999,4.266382869377607E-19
1.6833367,4.672977754908919E-19
1.7000034,5.079572640440229E-19
1.7166701,5.486167525971541E-19
1.7333368,5.892762411502853E-19
1.7500035,6.299357297034164E-19
1.7666701999999999,6.70595218256547E-19
1.7833369,7.112547068096781E-19
1.8000036,7.519141953628093E-19
1.8166703,7.925736839159405E-19
1.833337,8.3323317246907185E-19
1.8500037,8.738926610222027E-19
1.8666703999999998,9.145521495753333E-19
1.8833370999999999,9.552116381284645E-19
1.9000038,9.958711266815958E-19
1.9166705,1.036530615234727E-18
1.9333372,1.5032014139663958E-18
1.9500039,2.0066219233471487E-18
1.9666706,2.5100424327279016E-18
1.9833372999999999,3.0134629421086487E-18
2.000004,3.516883451489408E-18
2.0166707,4.020303960870162E-18
2.0333373999999997,4.523724470250902E-18
2.0500040999999998,5.027144979631656E-18
2.0666708,5.530565489012409E-18
2.0833375,6.03398599839316E-18
2.1000042,6.537406507773918E-18
2.1166709,7.04082701715467E-18
2.1333376,7.544247526535427E-18
2.1500043,8.047668035916177E-18
2.166671,8.55108854529693E-18
2.1833377,9.054509054677685E-18
2.2000044,9.55792956405844E-18
2.2166711,1.0061350073439193E-17
2.2333378,1.0564770582819946E-17
2.2500044999999997,1.1068191092200686E-17
2.2666711999999998,1.1571611601581436E-17
2.2833379,1.207503211096219E-17
2.3000046,1.2578452620342947E-17
2.3166713,1.3081873129723699E-17
2.333338,1.649636364142702E-17
2.3500047,2.1192288889459878E-17
2.3666714,2.588821413749274E-17
2.3833381,3.058413938552562E-17
2.4000048,3.528006463355847E-17
2.4166715,3.997598988159133E-17
2.4333382,4.467191512962422E-17
2.4500049,4.936784037765709E-17
2.4666715999999997,5.4063765625689825E-17
2.4833382999999998,5.875969087372269E-17
2.500005,6.345561612175555E-17
2.5166717,6.81515413697884E-17
2.5333384,7.284746661782127E-17
2.5500051,7.754339186585417E-17
2.5666718,8.223931711388698E-17
2.5833385,8.693524236191989E-17
2.6000052,9.163116760995274E-17
2.6166719,9.632709285798563E-17
2.6333386,1.0102301810601847E-16
2.6500053,1.0571894335405134E-16
2.666672,1.104148686020842E-16
2.6833386999999997,1.1511079385011694E-16
2.7000053999999998,1.198067190981498E-16
2.7166721,1.2450264434618268E-16
2.7333388,1.4347647764833714E-16
2.7500055,1.786731879445847E-16
2.7666722,2.1386989824083215E-16
2.7833389,2.490666085370796E-16
2.8000056,2.842633188333272E-16
2.8166723,3.194600291295746E-16
2.833339,3.546567394258221E-16
2.8500057,3.898534497220694E-16
2.8666724,4.2505016001831705E-16
2.8833390999999997,4.602468703145636E-16
2.9000057999999997,4.95443580610811E-16
2.9166725,5.306402909070584E-16
2.9333392,5.658370012033058E-16
2.9500059,6.010337114995535E-16
2.9666726,6.362304217958009E-16
2.9833393,6.714271320920484E-16
3.000006,7.066238423882958E-16
3.0166727,7.418205526845434E-16
3.0333394,7.770172629807909E-16
3.0500061,8.122139732770383E-16
3.0666728,8.47410683573286E-16
3.0833395,8.826073938695334E-16
3.1000061999999997,9.178041041657799E-16
3.1166728999999997,9.530008144620268E-16
3.1333396,1.0330855557643898E-15
3.1500063,1.2538611509080186E-15
3.166673,1.474636746051648E-15
3.1833397,1.6954123411952766E-15
3.2000064,1.916187936338906E-15
3.2166731,2.136963531482535E-15
3.2333398,2.3577391266261643E-15
3.2500065,2.5785147217697926E-15
3.2666732,2.7992903169134225E-15
3.2833399,3.0200659120570508E-15
3.3000066,3.24084150720068E-15
3.3166732999999997,3.461617102344304E-15
3.3333399999999997,3.682392697487932E-15
3.3500067,3.903168292631562E-15
3.3666734,4.12394388777519E-15
3.3833401,4.3447194829188195E-15
3.4000068,4.5654950780624486E-15
3.4166735,4.786270673206078E-15
3.4333402,5.007046268349707E-15
3.4500069,5.227821863493334E-15
3.4666736,5.448597458636966E-15
3.4833403,5.669373053780592E-15
3.500007,5.890148648924224E-15
3.5166737,6.110924244067851E-15
3.5333403999999997,6.346894656227596E-15
3.5500070999999997,7.538821944859555E-15
3.5666738,8.730749233491518E-15
3.5833405,9.922676522123471E-15
3.6000072,1.1114603810755428E-14
3.6166739,1.2306531099387388E-14
3.6333406,1.3498458388019346E-14
3.6500073,1.46903856766513E-14
3.666674,1.5882312965283264E-14
3.6833407,1.7074240253915226E-14
3.7000074,1.8266167542547175E-14
3.7166741,1.9458094831179136E-14
3.7333407999999997,2.0650022119811057E-14
3.7500074999999997,2.1841949408443015E-14
3.7666741999999998,2.3033876697074973E-14
3.7833409,2.4225803985706932E-14
3.8000076,2.5417731274338893E-14
3.8166743,2.6609658562970848E-14
3.833341,2.7801585851602807E-14
3.8500077,2.899351314023477E-14
3.8666744,3.018544042886673E-14
3.8833411,3.137736771749869E-14
3.9000078,3.2569295006130637E-14
3.9166745,3.3761222294762604E-14
3.9333412,3.4953149583394553E-14
3.9500078999999997,3.966687823304392E-14
3.9666745999999997,4.532010682650347E-14
3.9833412999999998,5.097333541996302E-14
4.000008,5.662656401342275E-14
4.0166747,6.227979260688228E-14
4.0333414,6.793302120034184E-14
4.0500081,7.358624979380138E-14
4.0666747999999995,7.923947838726063E-14
4.0833414999999995,8.48927069807202E-14
4.1000081999999995,9.054593557417978E-14
4.1166749,9.61991641676393E-14
4.1333416,1.0185239276109886E-13
4.1500083,1.0750562135455844E-13
4.166675,1.1315884994801797E-13
4.1833417,1.1881207854147753E-13
4.2000084,1.2446530713493709E-13
4.2166751,1.3011853572839665E-13
4.2333418,1.3577176432185623E-13
4.2500085,1.4142499291531574E-13
4.2666752,1.470782215087753E-13
4.2833419,1.5273145010223486E-13
4.3000086,1.583846786956944E-13
4.3166753,1.6403790728915395E-13
4.333342,1.6969113588261354E-13
4.3500087,1.8918533723472843E-13
4.3666754,2.209649500766736E-13
4.3833421,2.547273954760969E-13
4.4000088,2.904726734329981E-13
4.4166755,3.2820078394737736E-13
4.4333422,3.679117270192346E-13
4.4500089,4.096055026485706E-13
4.4666756,4.532821108353838E-13
4.4833422999999994,4.989415515796727E-13
4.5000089999999995,5.465838248814419E-13
4.5166756999999995,5.962089307406892E-13
4.5333423999999996,6.478168691574148E-13
4.5500091,7.01407640131618E-13
4.5666758,7.569812436632995E-13
4.5833425,8.145376797524589E-13
4.6000092,8.740769483990961E-13
4.6166759,9.355990496032118E-13
4.6333426,9.991039833648053E-13
4.6500093,1.0645917496838767E-12
4.666676,1.1320623485604265E-12
4.6833427,1.2015157799944538E-12
4.7000094,1.2729520439859594E-12
4.7166761,1.3463711405349427E-12
4.7333428,1.421773069641405E-12
4.7500095,1.4991578313053438E-12
4.7666762,1.578525425526762E-12
4.7833429,1.6598758523056573E-12
4.8000096,1.7432091116420312E-12
4.8166763,1.828525203535883E-12
4.833343,1.915824127987212E-12
4.8500097,2.00510588499602E-12
4.8666764,2.096370474562306E-12
4.8833431,2.18961789668607E-12
4.9000098,2.2848481513673114E-12
4.9166764999999995,2.382061238606026E-12
4.9333431999999995,2.481257158402223E-12
4.9500098999999995,2.5824359107558995E-12
4.9666765999999996,2.6855974956670526E-12
4.9833433,2.790741913135686E-12
5.00001,2.897869163161795E-12
5.0166767,3.0069792457453833E-12
5.0333434,3.118072160886449E-12
5.0500101,3.2311479085849926E-12
5.0666768,3.3462064888410138E-12
5.0833435,3.463247901654514E-12
5.1000102,3.5822721470254923E-12
5.1166769,3.703279224953946E-12
5.1333436,3.826269135439882E-12
5.1500103,3.9846208090817594E-12
5.166677,4.419980943043137E-12
5.1833437,4.86974108099411E-12
5.2000104,5.3339012229346835E-12
5.2166771,5.8124613688648495E-12
5.2333438,6.3054215187846195E-12
5.2500105,6.8127816726939894E-12
5.2666772,7.334541830592958E-12
5.2833439,7.870701992481523E-12
5.3000106,8.421262158359684E-12
5.3166773,8.986222328227446E-12
5.333344,9.565582502084807E-12
5.3500106999999995,1.0159342679931728E-11
5.3666773999999995,1.0767502861768292E-11
5.3833440999999995,1.1390063047594442E-11
5.4000107999999996,1.2027023237410195E-11
5.4166775,1.2678383431215545E-11
5.4333442,1.3344143629010494E-11
5.4500109,1.4024303830795043E-11
5.4666776,1.471886403656919E-11
5.4833443,1.5427824246332932E-11
5.500011,1.615118446008628E-11
5.5166777,1.6888944677829218E-11
5.5333444,1.764110489956176E-11
5.5500111,1.8407665125283894E-11
5.5666778,1.9188625354995628E-11
5.5833445,1.9983985588696973E-11
5.6000112,2.07937458263879E-11
5.6166779,2.161790606806843E-11
5.6333446,2.245646631373856E-11
5.6500113,2.3309426563398285E-11
5.666678,2.4176786817047618E-11
5.6833447,2.505854707468654E-11
5.7000114,2.5954707336315072E-11
5.7166781,2.686526760193319E-11
5.7333448,2.7790227871540913E-11
5.7500115,2.8729588145138233E-11
5.766678199999999,2.968334842272509E-11
5.7833448999999995,3.065150870430162E-11
5.8000115999999995,3.163406898986771E-11
5.8166782999999995,3.263102927942344E-11
5.833345,3.364238957296875E-11
5.8500117,3.4668149870503654E-11
5.8666784,3.570831017202816E-11
5.8833451,3.6762870477542257E-11
5.9000118,3.783183078704598E-11
5.9166785,3.891519110053928E-11
5.9333452,4.001295141802218E-11
5.9500119,4.112511173949467E-11
5.9666786,4.237182357283139E-11
5.9833453,4.37014827367258E-11
6.000012,4.50529755372132E-11
6.0166787,4.64263019742935E-11
6.0333454,4.782146204796676E-11
6.0500121,4.9238455758232966E-11
6.0666788,5.067728310509209E-11
6.0833455,5.2137944088544194E-11
6.1000122,5.362043870858923E-11
6.1166789,5.5124766965227206E-11
6.1333456,5.665092885845815E-11
6.1500123,5.8198924388281994E-11
6.166679,5.976875355469883E-11
6.1833457,6.136041635770856E-11
6.200012399999999,6.302340937776977E-11
6.2166790999999995,6.479384377663117E-11
6.2333457999999995,6.660293715702192E-11
6.2500124999999995,6.845068951894202E-11
6.2666792,7.03371008623915E-11
6.2833459,7.226217118737031E-11
6.3000126,7.422590049387848E-11
6.3166793,7.6228288781916E-11
6.333346,7.834044961895713E-11
6.3500127,8.051112500937237E-11
6.3666794,8.273801097523447E-11
6.3833461,8.502110751654329E-11
6.4000128,8.736041463329891E-11
6.4166795,8.975593232550131E-11
6.4333462,9.220766059315043E-11
6.4500129,9.473216609070024E-11
6.4666796,9.733373314321171E-11
6.4833463,9.999939463904222E-11
6.500013,1.0272915057819176E-10
6.5166797,1.055230009606603E-10
6.5333464,1.0840741470747652E-10
6.5500131,1.1137250487846627E-10
6.5666798,1.1441341264753662E-10
6.5833465,1.1753013801468752E-10
6.6000132,1.2072505893398732E-10
6.616679899999999,1.240209616569302E-10
6.633346599999999,1.274019819147961E-10
6.6500132999999995,1.308681197075847E-10
6.6666799999999995,1.3441937503529613E-10
6.6833466999999995,1.3807965461297363E-10
6.7000134,1.418388206780195E-10
6.7166801,1.4569391097350999E-10
6.7333468,1.4964492549944494E-10
6.7500135,1.5370911458236945E-10
6.7666802,1.578886983626698E-10
6.7833469,1.6217551674523945E-10
6.8000136,1.6656956973007835E-10
6.8166803,1.7108209036103825E-10
6.833347,1.7572832790599114E-10
6.8500137,1.8049434270108197E-10
6.8666804,1.8538013474631065E-10
6.8833471,1.9039022009011324E-10
6.9000138,1.9555420460335558E-10
6.9166805,2.0085192874853123E-10
6.9333472,2.0628339252564038E-10
6.9500139,2.1184859593468283E-10
6.9666806,2.175838761163078E-10
6.9833473,2.2347142338603328E-10
7.000014,2.2950826318774392E-10
7.0166807,2.356943955214396E-10
7.0333474,2.420556512115765E-10
7.050014099999999,2.4859217331275564E-10
7.066680799999999,2.55293743953453E-10
7.0833474999999995,2.6216036313366813E-10
7.1000141999999995,2.6922863547181625E-10
7.1166808999999995,2.7648533646109125E-10
7.1333476,2.83925484866386E-10
7.1500143,2.915502341725191E-10
7.166681,2.993971950766545E-10
7.1833477,3.074439327931602E-10
7.2000144,3.156904473220362E-10
7.2166811,3.241696421521763E-10
7.2333478,3.328728606099639E-10
7.2500145,3.417953128376688E-10
7.2666812,3.509603197767983E-10
7.2833479,3.603733175663589E-10
7.3000146,3.700245663949554E-10
7.3166813,3.7993043298760065E-10
7.333348,3.9011007361133775E-10
7.3500147,4.005483971055476E-10
7.3666814,4.1125456834204006E-10
7.3833481,4.2226191513574075E-10
7.4000148,4.335500127383585E-10
7.4166815,4.4512051227665593E-10
7.4333482,4.570213025741799E-10
7.4500149,4.692267420376111E-10
7.466681599999999,4.817368306669489E-10
7.483348299999999,4.945957296504748E-10
7.500014999999999,5.077913210629334E-10
7.5166816999999995,5.213174531249672E-10
7.5333483999999995,5.352027720610174E-10
7.5500150999999995,5.49453404043175E-10
7.5666818,5.640606045959733E-10
7.5833485,5.790704360842767E-10
7.6000152,5.94461789012335E-10
7.6166819,6.102552741870069E-10
7.6333486,6.264695467597834E-10
7.6500153,6.430914160493554E-10
7.666682,6.601667598793276E-10
7.6833487,6.776790755501704E-10
7.7000154,6.956429483899747E-10
7.7166821,7.140886711862737E-10
7.7333488,7.329986974096136E-10
7.7500155,7.52415783484276E-10
7.7666822,7.723349523920018E-10
7.7833489,7.927610478640624E-10
7.8000156,8.137379512924022E-10
7.8166823,8.352431756107698E-10
7.833349,8.573158482884375E-10
7.8500157,8.799645158478575E-10
7.8666824,9.031826440293007E-10
7.8833491,9.270295097951619E-10
7.900015799999999,9.514773191426316E-10
7.916682499999999,9.765604025544722E-10
7.933349199999999,1.0023031291307705E-9
7.9500158999999995,1.028686629436841E-9
7.9666825999999995,1.0558483650441577E-9
7.9833492999999995,1.0837305841901854E-9
8.000016,1.112331982117283E-9
8.0166827,1.1416525588254469E-9
8.0333494,1.1716923143146802E-9
8.0500161,1.2026226992028013E-9
8.0666828,1.2343633741807817E-9
8.0833495,1.266890188255123E-9
8.1000162,1.3002031414258251E-9
8.116682899999999,1.3343022336928848E-9
8.133349599999999,1.3693858647926015E-9
8.150016299999999,1.4054120660728861E-9
8.166682999999999,1.4423180405389295E-9
8.183349699999999,1.480103788190734E-9
8.200016399999999,1.5187973850264665E-9
8.2166831,1.558671715296847E-9
8.2333498,1.5995387143475609E-9
8.2500165,1.6413983821786088E-9
8.2666832,1.684250718789989E-9
8.2833499,1.7282437470225526E-9
8.3000166,1.7734740153668493E-9
8.3166833,1.819816062301432E-9
8.33335,1.8672698878262984E-9
8.3500167,1.9158354919414506E-9
8.3666834,1.9657888770678317E-9
8.3833501,2.017004096986498E-9
8.4000168,2.0694469472116593E-9
8.4166835,2.1231174277433147E-9
8.4333502,2.1783050332938564E-9
8.4500169,2.2348926073775928E-9
8.4666836,2.292844942548422E-9
8.4833503,2.3521620388063447E-9
8.500017,2.4131343046323562E-9
8.5166837,2.4756447726065846E-9
8.5333504,2.539657777660896E-9
8.5500171,2.6051733197952905E-9
8.5666838,2.6724745459740625E-9
8.5833505,2.7414479597837195E-9
8.6000172,2.8120584492646793E-9
8.6166839,2.8843888620190487E-9
8.6333506,2.958638816853992E-9
8.6500173,3.0346672160111075E-9
8.666684,3.1124981473040012E-9
8.6833507,3.1924119374326614E-9
8.7000174,3.274253458953304E-9
8.7166841,3.3580227118659257E-9
8.7333508,3.443991492567835E-9
8.7500175,3.5320615464001133E-9
8.7666842,3.622208029874495E-9
8.7833509,3.7146411314868813E-9
8.8000176,3.8093792784126065E-9
8.8166843,3.9063511691431165E-9
8.833351,4.005704863810166E-9
8.8500177,4.107575713691952E-9
8.8666844,4.211847299289432E-9
8.8833511,4.318595603838687E-9
8.9000178,4.428045593085849E-9
8.9166845,4.54005481115113E-9
8.9333512,4.654746548440114E-9
8.9500179,4.772261259811009E-9
8.966684599999999,4.8924986426163015E-9
8.983351299999999,5.01573587902047E-9
9.000017999999999,5.14187455423124E-9
9.016684699999999,5.271011173171509E-9
9.033351399999999,5.403292841339863E-9
9.050018099999999,5.538629945334521E-9
9.066684799999999,5.677295696822399E-9
9.0833515,5.819202022070939E-9
9.1000182,5.96444389689013E-9
9.1166849,6.113188839178542E-9
9.1333516,6.265337501519944E-9
9.1500183,6.421180004624978E-9
9.166685,6.5806327159088255E-9
9.1833517,6.743789596541053E-9
9.2000184,6.910844509135797E-9
9.2166851,7.081685295769945E-9
9.2333518,7.256625287966343E-9
9.2500185,7.435585315766764E-9
9.2666852,7.618646377440161E-9
9.2833519,7.80601230976294E-9
9.3000186,7.997590829968416E-9
9.3166853,8.193614213274677E-9
9.333352,8.394105965242952E-9
9.3500187,8.599194387252945E-9
9.3666854,8.80905849196406E-9
9.3833521,9.023750102129805E-9
9.4000188,9.243446774883363E-9
9.4166855,9.468267983717046E-9
9.4333522,9.698236128134731E-9
9.4500189,9.933413697803915E-9
9.4666856,1.017389603202882E-8
9.4833523,1.0419869346856476E-8
9.500019,1.0671476090855308E-8
9.5166857,1.0928928812366665E-8
9.5333524,1.1192390139762635E-8
9.5500191,1.1461897191592969E-8
9.5666858,1.1737519078325134E-8
9.5833525,1.2019326430322856E-8
9.6000192,1.2307595002053284E-8
9.6166859,1.2602481966253391E-8
9.6333526,1.2904216421956315E-8
9.6500193,1.3212912072900859E-8
9.666686,1.3528679164256383E-8
9.6833527,1.3851641587430791E-8
9.7000194,1.418197985810817E-8
9.7166861,1.4520036151106633E-8
9.7333528,1.4865964136800644E-8
9.7500195,1.5219962707261335E-8
9.7666862,1.5582204210747898E-8
9.7833529,1.5952775363574902E-8
9.8000196,1.633179076266393E-8
9.816686299999999,1.6719512051706617E-8
9.833352999999999,1.711611577923787E-8
9.850019699999999,1.7521827665944838E-8
9.866686399999999,1.793691117021789E-8
9.883353099999999,1.8361639103488447E-8
9.900019799999999,1.8796068610107823E-8
9.916686499999999,1.9240457668840326E-8
9.933353199999999,1.9695081860348813E-8
9.9500199,2.016028346842941E-8
9.9666866,2.063640583514028E-8
9.9833533,2.1123718958214377E-8
10.00002,2.1622458228130812E-8
10.0166867,2.2132855456998386E-8
10.0333534,2.265518048567847E-8
10.0500201,2.3189730384643066E-8
10.0666868,2.373682729852905E-8
10.0833535,2.4297018791439864E-8
10.1000202,2.4870206379433686E-8
10.1166869,2.545724823157197E-8
10.1333536,2.6058190815986187E-8
10.1500203,2.667329585395177E-8
10.166687,2.7303768721588337E-8
10.1833537,2.7949069622242347E-8
10.2000204,2.8610011607497542E-8
10.2166871,2.9286342215389664E-8
10.2333538,2.997868084293676E-8
10.2500205,3.0687196339748924E-8
10.2666872,3.141257676376933E-8
10.2833539,3.2155465267550714E-8
10.3000206,3.291621445448554E-8
10.3166873,3.369551906220451E-8
10.333354,3.4494225263717627E-8
10.3500207,3.53128851110911E-8
10.3666874,3.615135896626223E-8
10.3833541,3.701001687304773E-8
10.4000208,3.788940891315844E-8
10.4166875,3.879022731575905E-8
10.4333542,3.9712903612761586E-8
10.4500209,4.06588453000697E-8
10.4666876,4.1628023968383656E-8
10.4833543,4.262084336692117E-8
10.500021,4.3638045768696383E-8
10.5166877,4.468047176940345E-8
10.5333544,4.574824538450175E-8
10.5500211,4.6842322196665076E-8
10.5666878,4.796414752519217E-8
10.5833545,4.911402061148283E-8
10.6000212,5.0291968579657926E-8
10.6166879,5.149905727205048E-8
10.6333546,5.273669336851158E-8
10.6500213,5.4005783572961575E-8
10.666688,5.530683387941138E-8
10.683354699999999,5.664059011286713E-8
10.700021399999999,5.8008093577520827E-8
10.716688099999999,5.941033577274136E-8
10.733354799999999,6.084820503441155E-8
10.750021499999999,6.232258387507522E-8
10.766688199999999,6.383430795870898E-8
10.783354899999999,6.538504423146405E-8
10.800021599999999,6.69749887563072E-8
10.8166883,6.860608998893138E-8
10.833355,7.027813505094071E-8
10.8500217,7.199320526531113E-8
10.8666884,7.375127220736046E-8
10.8833551,7.555368995148188E-8
10.9000218,7.740120149080188E-8
10.9166885,7.929465096724324E-8
10.9333552,8.12358849071252E-8
10.9500219,8.322506285066005E-8
10.9666886,8.526495866667935E-8
10.9833553,8.735538018167207E-8
11.000022,8.949878735684447E-8
11.0166887,9.16956156995051E-8
11.0333554,9.394743286194032E-8
11.0500221,9.625556947079987E-8
11.0666888,9.86205927061648E-8
11.0833555,1.0104494778770656E-7
11.1000222,1.0352843619095206E-7
11.1166889,1.0607383291615159E-7
11.1333556,1.0868137867489292E-7
11.1500223,1.1135342729102135E-7
11.166689,1.1409107628532878E-7
11.1833557,1.1689564815177041E-7
11.2000224,1.1976927002953195E-7
11.2166891,1.227121078845726E-7
11.2333558,1.2572714122292743E-7
11.2500225,1.2881417078102082E-7
11.2666892,1.3197587615611563E-7
11.2833559,1.3521281305084365E-7
11.3000226,1.3852677036836226E-7
11.3166893,1.4191934495956047E-7
11.333356,1.4539119232211934E-7
11.3500227,1.489446756768221E-7
11.3666894,1.5257958072300955E-7
11.3833561,1.5629859641207486E-7
11.4000228,1.601018600525645E-7
11.4166895,1.6399143951247056E-7
11.4333562,1.679683843545519E-7
11.4500229,1.7203389818301803E-7
11.4666896,1.7618949755780451E-7
11.4833563,1.804354789304735E-7
11.500023,1.8477732651222653E-7
11.5166897,1.8921333713893772E-7
11.533356399999999,1.937435108106066E-7
11.550023099999999,1.9837169027369822E-7
11.566689799999999,2.0310028238857576E-7
11.583356499999999,2.0792664131763423E-7
11.600023199999999,2.1285406959774117E-7
11.616689899999999,2.1789001142923785E-7
11.633356599999999,2.2302951798604228E-7
11.650023299999999,2.2827403260052103E-7
11.66669,2.3363627122668663E-7
11.6833567,2.391090914756641E-7
11.7000234,2.446924933474534E-7
11.7166901,2.5040220791186573E-7
11.7333568,2.5623173654643293E-7
11.7500235,2.621801019498491E-7
11.7666902,2.6826134802305286E-7
11.7833569,2.744752856770869E-7
11.8000236,2.8081793780913656E-7
11.8166903,2.8730009570483863E-7
11.833357,2.9392914574852503E-7
11.8500237,3.006979467864507E-7
11.8666904,3.076132110082444E-7
11.8833571,3.1468989309988647E-7
11.9000238,3.2191802771313525E-7
11.9166905,3.293001733049816E-7
11.9333572,3.368584209167749E-7
11.9500239,3.4458034571209447E-7
11.9666906,3.5246594769094007E-7
11.9833573,3.605390236913293E-7
12.000024,3.6878966505246957E-7
12.0166907,3.7721643701626275E-7
12.0333574,3.8583715164407015E-7
12.0500241,3.946514749674167E-7
12.0666908,4.036544143785026E-7
12.0833575,4.1285852083255497E-7
12.1000242,4.22272259872183E-7
12.1166909,4.3188739329770673E-7
12.1333576,4.4171173850191256E-7
12.1500243,4.5176251113133857E-7
12.166691,4.6202821172591373E-7
12.1833577,4.725118875750225E-7
12.2000244,4.832393328054306E-7
12.2166911,4.941960203478612E-7
12.2333578,5.053819502023143E-7
12.2500245,5.168259523603313E-7
12.2666912,5.285159283355759E-7
12.2833579,5.404501925522851E-7
12.3000246,5.526514568967572E-7
12.3166913,5.651191761651357E-7
12.333358,5.778470498008108E-7
12.3500247,5.90851782619653E-7
12.3666914,6.041444764569888E-7
12.383358099999999,6.177142556482908E-7
12.400024799999999,6.315715342300068E-7
12.416691499999999,6.457389812920428E-7
12.433358199999999,6.60201418115454E-7
12.450024899999999,6.749629730649952E-7
12.466691599999999,6.900579121846771E-7
12.483358299999999,7.054669110487178E-7
12.500024999999999,7.21189969657118E-7
12.516691699999999,7.372659380029522E-7
12.5333584,7.536783864741946E-7
12.5500251,7.704251143058467E-7
12.5666918,7.875368285998918E-7
12.5833585,8.050126317464696E-7
12.6000252,8.228440932167824E-7
12.6166919,8.410538569354881E-7
12.6333586,8.596567492592467E-7
12.6500253,8.786381476589083E-7
12.666692,8.980123280991082E-7
12.6833587,9.178100075910159E-7
12.7000254,9.380105686817711E-7
12.7166921,9.586196539076846E-7
12.7333588,9.796831984103065E-7
12.7500255,1.0011752618336255E-6
12.7666922,1.0230958441776414E-6
12.7833589,1.0454971356320446E-6
12.8000256,1.068356896188962E-6
12.8166923,1.0916722638932254E-6
12.833359,1.1154846438200904E-6
12.8500257,1.139792610467827E-6
12.8666924,1.1645849142321808E-6
12.8833591,1.1898917656269095E-6
12.9000258,1.2157326507049645E-6
12.9166925,1.2420882193504172E-6
12.9333592,1.2689773039010495E-6
12.9500259,1.2964399578861135E-6
12.9666926,1.3244492312249397E-6
12.9833593,1.3530126579004471E-6
13.000026,1.3821904082720308E-6
13.0166927,1.4119484568377126E-6
13.0333594,1.4422868035974922E-6
13.0500261,1.473331648842533E-6
13.0666928,1.5050288078582055E-6
13.0833595,1.5373715877599879E-6
13.1000262,1.5703599885478812E-6
13.1166929,1.6039940102218855E-6
13.1333596,1.638273652782E-6
13.1500263,1.6732891162120605E-6
13.166693,1.709065755464009E-6
13.1833597,1.7455365995909892E-6
13.2000264,1.7827016485930018E-6
13.2166931,1.8205609024700474E-6
13.233359799999999,1.859114361222121E-6
13.250026499999999,1.8985612629587735E-6
13.266693199999999,1.9388295760057883E-6
13.283359899999999,1.9798706449678725E-6
13.300026599999999,2.021684469845026E-6
13.316693299999999,2.0642710506372492E-6
13.333359999999999,2.1076344936700077E-6
13.350026699999999,2.1520514647475856E-6
13.366693399999999,2.197325063958305E-6
13.383360099999999,2.2434552913021683E-6
13.4000268,2.290442146779173E-6
13.4166935,2.33828563038932E-6
13.4333602,2.387056868737372E-6
13.4500269,2.4369473038787184E-6
13.4666936,2.4877861090450952E-6
13.4833603,2.5395732842365025E-6
13.500027,2.592308829452939E-6
13.5166937,2.6459927446944058E-6
13.5333604,2.7007809942836945E-6
13.5500271,2.7567494725096183E-6
13.5666938,2.813766324688941E-6
13.5833605,2.8718315508216627E-6
13.6000272,2.9309451509077845E-6
13.6166939,2.991107124947304E-6
13.6333606,3.052578791442723E-6
13.6500273,3.11528563996498E-6
13.666694,3.1791496620045826E-6
13.6833607,3.2441708575615293E-6
13.7000274,3.3103492266358223E-6
13.7166941,3.377684769227459E-6
13.7333608,3.4465677392316764E-6
13.7500275,3.51673286743078E-6
13.7666942,3.5881733546007373E-6
13.7833609,3.6608892007415517E-6
13.8000276,3.7348804058532226E-6
13.8166943,3.8102314215825993E-6
13.833361,3.887234106408604E-6
13.8500277,3.9656401279675346E-6
13.8666944,4.045449486259388E-6
13.8833611,4.126662181284169E-6
13.9000278,4.209278213041873E-6
13.9166945,4.2934961859547345E-6
13.9333612,4.379450394763358E-6
13.9500279,4.466946313894713E-6
13.9666946,4.555983943348794E-6
13.9833613,4.646563283125601E-6
14.000028,4.738684333225139E-6
14.0166947,4.832685829172311E-6
14.0333614,4.928499771290759E-6
14.0500281,5.026004737118159E-6
14.0666948,5.1252007266545125E-6
14.083361499999999,5.226087739899807E-6
14.100028199999999,5.328665776854062E-6
14.116694899999999,5.433442469143835E-6
14.133361599999999,5.54009696108501E-6
14.150028299999999,5.648603123409079E-6
14.166694999999999,5.758960956116041E-6
14.183361699999999,5.871170459205896E-6
14.200028399999999,5.985325799027666E-6
14.216695099999999,6.1018533470811985E-6
14.233361799999999,6.220405074035394E-6
14.250028499999999,6.340980979890257E-6
14.2666952,6.463581064645779E-6
14.2833619,6.588205328301971E-6
14.3000286,6.715096203800428E-6
14.3166953,6.844471564507191E-6
14.333362,6.976055837316423E-6
14.3500287,7.1098490222281266E-6
14.3666954,7.245851119242302E-6
14.3833621,7.384062128358945E-6
14.4000288,7.524903445052913E-6
14.4166955,7.668329961626693E-6
14.4333622,7.814162601046973E-6
14.4500289,7.962401363313739E-6
14.4666956,8.113046248426994E-6
14.4833623,8.266097256386741E-6
14.500029,8.422188220888665E-6
14.5166957,8.580951171707215E-6
14.5333624,8.742330181460705E-6
14.5500291,8.906325250149134E-6
14.5666958,9.072936377772506E-6
14.5833625,9.242260069313255E-6
14.6000292,9.414888872453142E-6
14.6166959,9.590356503933836E-6
14.6333626,9.76866296375534E-6
14.6500293,9.949808251917659E-6
14.666696,1.013379236842079E-5
14.6833627,1.0320895753888343E-5
14.7000294,1.0511444715835117E-5
14.7166961,1.070506801734402E-5
14.7333628,1.090176565841506E-5
14.7500295,1.1101537639048227E-5
14.7666962,1.1304383959243527E-5
14.7833629,1.1510802364494358E-5
14.8000296,1.1720791669169722E-5
14.8166963,1.1934103404335053E-5
14.833363,1.2150737569990337E-5
14.8500297,1.23706941661356E-5
14.8666964,1.2593973192770819E-5
14.8833631,1.2821324141295076E-5
14.9000298,1.3052353758570168E-5
14.9166965,1.328696606520409E-5
14.933363199999999,1.3525161061196828E-5
14.950029899999999,1.3766938746548423E-5
14.966696599999999,1.4012386591653593E-5
14.983363299999999,1.4262277770061404E-5
15.000029999999999,1.4516023356284014E-5
15.016696699999999,1.4773623350321424E-5
15.033363399999999,1.5035077752173624E-5
15.050030099999999,1.530038656184061E-5
15.066696799999999,1.5569852008828313E-5
15.083363499999999,1.5843922655238043E-5
15.100030199999999,1.6122130014986457E-5
15.116696899999999,1.640447408807356E-5
15.1333636,1.6690954874499367E-5
15.1500303,1.6981572374263863E-5
15.166697,1.7276874536262837E-5
15.1833637,1.7576924536531265E-5
15.2000304,1.7881403147538506E-5
15.2166971,1.8190310369284544E-5
15.2333638,1.8503646201769383E-5
15.2500305,1.882141064499303E-5
15.2666972,1.914442693062199E-5
15.2833639,1.947231314055933E-5
15.3000306,1.980492821586919E-5
15.3166973,2.0142272156551565E-5
15.333364,2.0484344962606456E-5
15.3500307,2.0831211728852418E-5
15.3666974,2.1183802334037727E-5
15.3833641,2.154142886377055E-5
15.4000308,2.1904091318050912E-5
15.4166975,2.2271789696878792E-5
15.4333642,2.2644524000254197E-5
15.4500309,2.302259128600485E-5
15.4666976,2.3406550115753067E-5
15.4833643,2.379585698853253E-5
15.500031,2.4190511904343235E-5
15.5166977,2.459051486318518E-5
15.5333644,2.4995865865058384E-5
15.5500311,2.5407116261502903E-5
15.5666978,2.5824403115316073E-5
15.5833645,2.624735316740553E-5
15.6000312,2.6675966417771293E-5
15.6166979,2.711024286641336E-5
15.6333646,2.755018251333172E-5
15.6500313,2.7996608829252195E-5
15.666698,2.844919443680544E-5
15.6833647,2.8907759337998434E-5
15.7000314,2.9372303532831156E-5
15.7166981,2.984282702130361E-5
15.7333648,3.0319362303263137E-5
15.7500315,3.080291741827622E-5
15.7666982,3.129276601049817E-5
15.7833649,3.178890807992898E-5
15.800031599999999,3.229134362656857E-5
15.816698299999999,3.2800072650417086E-5
15.833364999999999,3.331535320897907E-5
15.850031699999999,3.383780006636353E-5
15.866698399999999,3.4366849715966815E-5
15.883365099999999,3.4902502157788874E-5
15.900031799999999,3.544475739182977E-5
15.916698499999999,3.599361541808944E-5
15.933365199999999,3.654956571062163E-5
15.950031899999999,3.711280448244534E-5
15.966698599999999,3.7682947615304635E-5
15.983365299999999,3.825999510919954E-5
16.000032,3.884394696413009E-5
16.0166987,3.943480318009613E-5
16.0333654,4.003327750398955E-5
16.0500321,4.063913813078197E-5
16.0666988,4.1252192101542665E-5
16.0833655,4.1872439416271356E-5
16.1000322,4.249988007496833E-5
16.1166989,4.313451407763332E-5
16.1333656,4.377726411215309E-5
16.1500323,4.4427481936138024E-5
16.166699,4.5085166526738084E-5
16.1833657,4.575031788395295E-5
16.2000324,4.64229360077829E-5
16.2166991,4.710320253871361E-5
16.233365799999998,4.779166950378081E-5
16.2500325,4.848785614756349E-5
16.266699199999998,4.919176247006135E-5
16.2833659,4.99033884712747E-5
16.300032599999998,5.0622734151203206E-5
16.3166993,5.135014140529049E-5
16.333365999999998,5.2085807333338975E-5
16.3500327,5.2829421160441305E-5
16.366699399999998,5.358098288659717E-5
16.3833661,5.4340492511806876E-5
16.400032799999998,5.5107950036070097E-5
16.4166995,5.588381879369807E-5
16.4333662,5.666798546219453E-5
16.4500329,5.746029837900798E-5
16.4666996,5.826075754413819E-5
16.4833663,5.906936295758546E-5
16.500033,5.9886114619349475E-5
16.5166997,6.071154094004496E-5
16.5333664,6.154529492685183E-5
16.5500331,6.238735866697447E-5
16.5666998,6.323773216041248E-5
16.5833665,6.409641540716624E-5
16.6000332,6.496348265244189E-5
16.6166999,6.583922610723872E-5
16.6333666,6.672340234498179E-5
16.6500333,6.761601136567149E-5
16.6667,6.85170531693074E-5
16.6833667,6.942652775588989E-5
16.7000334,7.034454192669486E-5
16.7167001,7.127117912779389E-5
16.7333668,7.220632681578783E-5
16.7500335,7.314998499067716E-5
16.7667002,7.410215365246143E-5
16.7833669,7.506283280114107E-5
16.8000336,7.603208275874904E-5
16.8167003,7.700989412817315E-5
16.833367,7.799624336111163E-5
16.8500337,7.8991130457565E-5
16.8667004,7.999455541753273E-5
16.8833671,8.100651824101532E-5
16.9000338,8.20269309698988E-5
16.9167005,8.305584700892195E-5
16.9333672,8.409327244904505E-5
16.9500339,8.513920729026854E-5
16.9667006,8.619365153259194E-5
16.9833673,8.725656191072599E-5
17.000034,8.832771201494352E-5
17.0167007,8.940728324560139E-5
17.0333674,9.049527560269925E-5
17.0500341,9.159168908623745E-5
17.0667008,9.269652369621566E-5
17.083367499999998,9.380958716151297E-5
17.1000342,9.49306827250959E-5
17.116700899999998,9.606004586886247E-5
17.1333676,9.719767659281306E-5
17.150034299999998,9.834357489694734E-5
17.166701,9.949774078126563E-5
17.183367699999998,1.0065971129643365E-4
17.2000344,1.0182951278552925E-4
17.216701099999998,1.0300735845015988E-4
17.2333678,1.0419324829032605E-4
17.250034499999998,1.0538718230602727E-4
17.2667012,1.0658916049726399E-4
17.2833679,1.0779831681060162E-4
17.3000346,1.0901513066821864E-4
17.3167013,1.1023969514869262E-4
17.333368,1.1147201025202402E-4
17.3500347,1.1271207597821242E-4
17.3667014,1.1395975145855868E-4
17.3833681,1.1521401155637773E-4
17.4000348,1.1647564974394369E-4
17.4167015,1.17744666021256E-4
17.4333682,1.190210603883153E-4
17.4500349,1.203048328451209E-4
17.4667016,1.215954763192941E-4
17.4833683,1.2289232467083412E-4
17.500035,1.2419610289573563E-4
17.5167017,1.2550681099399795E-4
17.5333684,1.2682444896562175E-4
17.5500351,1.2814901681060638E-4
17.5667018,1.2947949770278328E-4
17.5833685,1.3081583684334237E-4
17.6000352,1.3215858238014766E-4
17.6167019,1.3350773431319857E-4
17.6333686,1.3486329264249556E-4
17.6500353,1.3622525736803822E-4
17.666702,1.3759194179314461E-4
17.6833687,1.3896418145967744E-4
17.7000354,1.4034222760363088E-4
17.7167021,1.4172608022500438E-4
17.7333688,1.431157393237985E-4
17.7500355,1.445110229996643E-4
17.7667022,1.459099349166191E-4
17.7833689,1.4731397336693275E-4
17.8000356,1.487231383506058E-4
17.8167023,1.501374298676377E-4
17.833369,1.5155684791802904E-4
17.8500357,1.5298063138358166E-4
17.8667024,1.5440751028052553E-4
17.8833691,1.5583876346082382E-4
17.9000358,1.5727439092447728E-4
17.9167025,1.5871439267148524E-4
17.933369199999998,1.6015876870184795E-4
17.9500359,1.6160602620945495E-4
17.966702599999998,1.6305589811841558E-4
17.9833693,1.645093213817852E-4
18.000035999999998,1.659662959995631E-4
18.0167027,1.6742682197175003E-4
18.033369399999998,1.688908992983454E-4
18.0500361,1.7035615993333587E-4
18.066702799999998,1.7182362671857998E-4
18.0833695,1.7329375934363518E-4
18.100036199999998,1.74766557808501E-4
18.1167029,1.7624202211317778E-4
18.133369599999998,1.7772000300556582E-4
18.1500363,1.791975607180962E-4
18.166703,1.8067684128807068E-4
18.1833697,1.8215784471548998E-4
18.2000364,1.8364057100035333E-4
18.2167031,1.851250201426616E-4
18.2333698,1.8661030515368108E-4
18.2500365,1.8809455251823074E-4
18.2667032,1.8957953017782481E-4
18.2833699,1.910652381324641E-4
18.3000366,1.925516763821478E-4
18.3167033,1.9403884492687662E-4
18.33337,1.9552500774284981E-4
18.3500367,1.970096074085321E-4
18.3667034,1.9849390828165914E-4
18.3833701,1.9997791036223148E-4
18.4000368,2.0146161365024846E-4
18.4167035,2.0294501814571085E-4
18.4333702,2.0442546010241794E-4
18.4500369,2.0590390516378636E-4
18.4667036,2.0738100198396624E-4
18.4833703,2.088567505629582E-4
18.500037,2.103311509007618E-4
18.5167037,2.1180414901860717E-4
18.5333704,2.1327221456907865E-4
18.5500371,2.1473786086708685E-4
18.5667038,2.1620108791263126E-4
18.5833705,2.1766189570571228E-4
18.6000372,2.1912028424632952E-4
18.6167039,2.2057542320380594E-4
18.6333706,2.2202508497943618E-4
18.6500373,2.2347125866042805E-4
18.666704,2.2491394424678109E-4
18.6833707,2.26353141738496E-4
18.7000374,2.277888511355719E-4
18.7167041,2.2921941536661503E-4
18.7333708,2.3064403198485306E-4
18.7500375,2.3206409914175636E-4
18.7667042,2.3347961683732452E-4
18.783370899999998,2.348905850715576E-4
18.8000376,2.3629700384445604E-4
18.816704299999998,2.376964034298799E-4
18.833371,2.3908949068741496E-4
18.850037699999998,2.40477000986757E-4
18.8667044,2.418589343279063E-4
18.883371099999998,2.4323529071086238E-4
18.9000378,2.4460607013562595E-4
18.916704499999998,2.4596799289979606E-4
18.9333712,2.4732329035363364E-4
18.950037899999998,2.4867201819310476E-4
18.9667046,2.500141764182101E-4
18.983371299999998,2.513497650289491E-4
19.000038,2.526781683130776E-4
19.0167047,2.5399726578353846E-4
19.0333714,2.553088627661907E-4
19.0500381,2.5661295926103343E-4
19.0667048,2.579095552680674E-4
19.0833715,2.5919865078729177E-4
19.1000382,2.6047901528882493E-4
19.1167049,2.6174982008013236E-4
19.1333716,2.630122680283349E-4
19.1500383,2.642663591334319E-4
19.166705,2.655120933954242E-4
19.1833717,2.6674947081431087E-4
19.2000384,2.6797671638302133E-4
19.2167051,2.6919418854333865E-4
19.2333718,2.704025220577486E-4
19.2500385,2.7160171692625025E-4
19.2667052,2.7279177314884446E-4
19.2833719,2.7397269072553047E-4
19.3000386,2.751423020395043E-4
19.3167053,2.7630197860518024E-4
19.333372,2.774518309666592E-4
19.3500387,2.785918591239407E-4
19.3667054,2.797220630770251E-4
19.3833721,2.8084213320197837E-4
19.4000388,2.8195067291061806E-4
19.4167055,2.830488227765501E-4
19.4333722,2.841365827997753E-4
19.4500389,2.8521395298029297E-4
19.4667056,2.862809333181037E-4
19.4833723,2.873369297813117E-4
19.500039,2.8838141044465834E-4
19.5167057,2.8941504918075155E-4
19.5333724,2.9043784598959164E-4
19.5500391,2.914498008711782E-4
19.5667058,2.924509138255118E-4
19.5833725,2.934404675061798E-4
19.6000392,2.944185396531013E-4
19.6167059,2.953854344353688E-4
19.633372599999998,2.963411518529826E-4
19.6500393,2.9728569190594253E-4
19.666705999999998,2.9821905459424857E-4
19.6833727,2.991405920603529E-4
19.700039399999998,3.0005068088240184E-4
19.7167061,3.009493778924965E-4
19.733372799999998,3.0183668309063667E-4
19.7500395,3.027125964768226E-4
19.766706199999998,3.035770833092859E-4
19.7833729,3.0442993121037514E-4
19.800039599999998,3.052713073802367E-4
19.8167063,3.061012118188707E-4
19.833372999999998,3.0691964452627703E-4
19.8500397,3.0772660550245577E-4
19.866706399999998,3.085221431772605E-4
19.8833731,3.093063137128242E-4
19.9000398,3.100790531326474E-4
19.9167065,3.108403614367305E-4
19.9333732,3.1159023862507303E-4
19.9500399,3.123286846976753E-4
19.9667066,3.1305603245535083E-4
19.9833733,3.137722806102373E-4
20.00004,3.1447726338294893E-4
20.0167067,3.151709807734859E-4
20.0333734,3.15853432781848E-4
20.0500401,3.165246194080355E-4
20.0667068,3.171853924401564E-4
20.0833735,3.178353042847158E-4
20.1000402,3.184742463368805E-4
20.1167069,3.1910221859665096E-4
20.1333736,3.1971922106402667E-4
20.1500403,3.2032537735745187E-4
20.166707,3.209217742030806E-4
20.1833737,3.215075835000119E-4
20.2000404,3.220828052482457E-4
20.2167071,3.226474394477823E-4
20.2333738,3.232014860986214E-4
20.2500405,3.237454598261862E-4
20.2667072,3.2428012197805415E-4
20.2833739,3.24804676560628E-4
20.3000406,3.253191235739074E-4
20.3167073,3.258234630178926E-4
20.333374,3.2631769489258327E-4
20.3500407,3.268028620583694E-4
20.3667074,3.272790830018508E-4
20.3833741,3.27745751406981E-4
20.4000408,3.282028672737602E-4
20.4167075,3.2865043060218796E-4
20.4333742,3.290884413922648E-4
20.4500409,3.2951851907222064E-4
20.4667076,3.299399109681282E-4
20.483374299999998,3.303523405771642E-4
20.500041,3.3075580789932845E-4
20.516707699999998,3.311503129346211E-4
20.5333744,3.3153599425464204E-4
20.550041099999998,3.3191481615440046E-4
20.5667078,3.322853249282802E-4
20.583374499999998,3.3264752057628123E-4
20.6000412,3.330014030984034E-4
20.616707899999998,3.333469724946469E-4
20.6333746,3.3368490634936665E-4
20.650041299999998,3.340164747070326E-4
20.666708,3.343404406904401E-4
20.683374699999998,3.346568042995892E-4
20.7000414,3.349655655344798E-4
20.716708099999998,3.352667243951121E-4
20.7333748,3.35562388346104E-4
20.7500415,3.3585307726827104E-4
20.7667082,3.3613736727857943E-4
20.7833749,3.36415258377029E-4
20.8000416,3.366867505636201E-4
20.8167083,3.369518438383524E-4
20.833375,3.3721053820122594E-4
20.8500417,3.374628336522407E-4
20.8667084,3.3770873019139697E-4
20.8833751,3.379482278186946E-4
20.9000418,3.381813265341333E-4
20.9167085,3.384082154053998E-4
20.9333752,3.3863420783681545E-4
20.9500419,3.388547054285802E-4
20.9667086,3.390697081806943E-4
20.9833753,3.392792160931573E-4
21.000042,3.394832291659698E-4
21.0167087,3.396817473991312E-4
21.0333754,3.398747707926419E-4
21.0500421,3.4006229934650177E-4
21.0667088,3.402443330607107E-4
21.0833755,3.40420871935269E-4
21.1000422,3.405919159701762E-4
21.1167089,3.4076175259624354E-4
21.1333756,3.409311329532533E-4
21.1500423,3.410963946065009E-4
21.166709,3.4125753755598657E-4
21.1833757,3.4141456180170965E-4
21.2000424,3.41567467343671E-4
21.2167091,3.4171625418186977E-4
21.2333758,3.418609223163066E-4
21.2500425,3.420014717469812E-4
21.2667092,3.4213790247389364E-4
21.2833759,3.422702144970439E-4
21.3000426,3.4239840781643215E-4
21.3167093,3.42532810273764E-4
21.333376,3.426647530988324E-4
21.3500427,3.427942286631631E-4
21.366709399999998,3.4292123696675605E-4
21.3833761,3.4304577800961094E-4
21.400042799999998,3.4316785179172793E-4
21.4167095,3.432874583131071E-4
21.433376199999998,3.434045975737484E-4
21.4500429,3.4351926957365184E-4
21.466709599999998,3.4363147431281743E-4
21.4833763,3.4374121179124497E-4
21.500042999999998,3.438546548150767E-4
21.5167097,3.439738837357689E-4
21.533376399999998,3.440927857629932E-4
21.5500431,3.4421136089674996E-4
21.566709799999998,3.443296091370388E-4
21.5833765,3.444475304838602E-4
21.600043199999998,3.4456512493721353E-4
21.6167099,3.4468239249709924E-4
21.6333766,3.447993331635172E-4
21.6500433,3.449159469364675E-4
21.66671,3.450322338159498E-4
21.6833767,3.451481938019646E-4
21.7000434,3.4528323215130035E-4
21.7167101,3.4542187671871217E-4
21.7333768,3.455634262056121E-4
21.7500435,3.457078806119999E-4
21.7667102,3.458552399378755E-4
21.7833769,3.460055041832391E-4
21.8000436,3.461586733480904E-4
21.8167103,3.463147474324297E-4
21.833377,3.464737264362569E-4
21.8500437,3.46635610359572E-4
21.8667104,3.4680039920237485E-4
21.8833771,3.469815165089604E-4
21.9000438,3.4718602028752256E-4
21.9167105,3.473984872224352E-4
21.9333772,3.476189173136979E-4
21.9500439,3.4784731056131086E-4
21.9667106,3.48083666965274E-4
21.9833773,3.483279865255871E-4
22.000044,3.4858026924225054E-4
22.0167107,3.4884051511526403E-4
22.0333774,3.491087241446278E-4
22.0500441,3.4938489633034176E-4
22.0667108,3.4966903167240584E-4
22.0833775,3.5000647335366663E-4
22.1000442,3.503631265451275E-4
22.1167109,3.5073561984332E-4
22.1333776,3.511239532482438E-4
22.1500443,3.5152812675989933E-4
22.166711,3.5194814037828635E-4
22.1833777,3.523839941034052E-4
22.2000444,3.5283568793525506E-4
22.216711099999998,3.533032218738368E-4
22.2333778,3.5378659591914994E-4
22.250044499999998,3.542858100711947E-4
22.2667112,3.5482853557926893E-4
22.283377899999998,3.554354947392891E-4
22.3000446,3.5606970495629883E-4
22.316711299999998,3.56731166230298E-4
22.333378,3.5741987856128664E-4
22.350044699999998,3.581358419492649E-4
22.3667114,3.588790563942326E-4
22.383378099999998,3.596495218961898E-4
22.4000448,3.6044723845513667E-4
22.416711499999998,3.6127220607107274E-4
22.4333782,3.621244247439984E-4
22.450044899999998,3.630038944739135E-4
22.4667116,3.639967926872084E-4
22.4833783,3.650425560491301E-4
22.500045,3.66131211229411E-4
22.5167117,3.6726275822805064E-4
22.5333784,3.6843719704504965E-4
22.5500451,3.6965452768040693E-4
22.5667118,3.709147501341238E-4
22.5833785,3.722178644061994E-4
22.6000452,3.735638704966341E-4
22.6167119,3.749527684054275E-4
22.6333786,3.7638455813258047E-4
22.6500453,3.7790293516398824E-4
22.666712,3.795523187207596E-4
22.6833787,3.8126447812700763E-4
22.7000454,3.830394133827328E-4
22.7167121,3.848771244879346E-4
22.7333788,3.867776114426133E-4
22.7500455,3.8874087424676883E-4
22.7667122,3.9076691290040167E-4
22.7833789,3.928557274035108E-4
22.8000456,3.9500731775609727E-4
22.8167123,3.9722168395816E-4
22.833379,3.994988260097004E-4
22.8500457,4.019597525478406E-4
22.8667124,4.0452588469268124E-4
22.8833791,4.0717777835744826E-4
22.9000458,4.099154335421435E-4
22.9167125,4.1273885024676536E-4
22.9333792,4.156480284713152E-4
22.9500459,4.1864296821579144E-4
22.9667126,4.2172366948019566E-4
22.9833793,4.2489013226452646E-4
23.000046,4.2814235656878536E-4
23.0167127,4.3148034239297084E-4
23.0333794,4.3495075219733656E-4
23.0500461,4.38616288244628E-4
23.066712799999998,4.423912551742836E-4
23.0833795,4.462756529863041E-4
23.100046199999998,4.502694816806886E-4
23.1167129,4.5437274125743773E-4
23.133379599999998,4.5858543171655054E-4
23.1500463,4.6290755305802855E-4
23.166712999999998,4.673391052818697E-4
23.1833797,4.718800883880764E-4
23.200046399999998,4.765305023766462E-4
23.2167131,4.8129034724758127E-4
23.233379799999998,4.862630682366769E-4
23.2500465,4.913875166621862E-4
23.266713199999998,4.966420000392563E-4
23.2833799,5.020265183678896E-4
23.300046599999998,5.075410716480839E-4
23.3167133,5.131856598798411E-4
23.33338,5.189602830631592E-4
23.3500467,5.248649411980407E-4
23.3667134,5.308996342844828E-4
23.3833801,5.370643623224886E-4
23.4000468,5.43359125312055E-4
23.4167135,5.498062218294061E-4
23.4333802,5.564447354631462E-4
23.4500469,5.632260500926812E-4
23.4667136,5.701501657180083E-4
23.4833803,5.772170823391304E-4
23.500047,5.844267999560441E-4
23.5167137,5.917793185687534E-4
23.5333804,5.992746381772541E-4
23.5500471,6.069127587815499E-4
23.5667138,6.146936803816375E-4
23.5833805,6.226174029775204E-4
23.6000472,6.306839265691947E-4
23.6167139,6.388940783830288E-4
23.6333806,6.472474221805837E-4
23.6500473,6.5574374010312E-4
23.666714,6.643830321506339E-4
23.6833807,6.731652983231295E-4
23.7000474,6.820905386206025E-4
23.7167141,6.911587530430571E-4
23.7333808,7.003699415904896E-4
23.7500475,7.097241042629029E-4
23.7667142,7.192212410602944E-4
23.7833809,7.288613519826672E-4
23.8000476,7.386194777460679E-4
23.8167143,7.484387445245601E-4
23.833381,7.583846010664988E-4
23.8500477,7.684570473718892E-4
23.8667144,7.786560834407261E-4
23.8833811,7.889817092730144E-4
23.9000478,7.994339248687489E-4
23.916714499999998,8.100127302279324E-4
23.9333812,8.207181253505672E-4
23.950047899999998,8.315501102366485E-4
23.9667146,8.425086848861815E-4
23.983381299999998,8.535938492991607E-4
24.000048,8.646450102061265E-4
24.016714699999998,8.757355949793287E-4
24.0333814,8.869173725505158E-4
24.050048099999998,8.981903429196828E-4
24.0667148,9.095545060868345E-4
24.083381499999998,9.210098620519664E-4
24.1000482,9.325564108150827E-4
24.116714899999998,9.44194152376179E-4
24.1333816,9.5592308673526E-4
24.150048299999998,9.677432138923209E-4
24.166715,9.79654533847367E-4
24.183381699999998,9.915870669388119E-4
24.2000484,0.0010033322696471325
24.2167151,0.0010151148917042665
24.2333818,0.00102693493311022
24.2500485,0.0010387923938649857
24.2667152,0.0010506872739685714
24.2833819,0.0010626195734209697
24.3000486,0.001074589292222187
24.3167153,0.0010865964303722177
24.333382,0.0010986409878710672
24.3500487,0.0011107229647187296
24.3667154,0.0011228423609152115
24.3833821,0.001134708779066364
24.4000488,0.0011464324956545302
24.4167155,0.0011581260521396032
24.4333822,0.0011697894485215876
24.4500489,0.0011814226848004797
24.4667156,0.001193025760976282
24.4833823,0.0012045986770489918
24.500049,0.0012161414330186127
24.5167157,0.001227654028885141
24.5333824,0.0012391364646485803
24.5500491,0.0012505887403089265
24.5667158,0.001261930694938597
24.5833825,0.0012728447006058758
24.6000492,0.0012836543758137403
24.6167159,0.0012943597205621858
24.6333826,0.0013049607348512178
24.6500493,0.0013154574186808304
24.666716,0.0013258497720510288
24.6833827,0.0013361377949618087
24.7000494,0.001346321487413174
24.7167161,0.001356400849405121
24.7333828,0.0013663758809376537
24.7500495,0.001376246582010767
24.766716199999998,0.0013857258240757289
24.7833829,0.001394897930477536
24.800049599999998,0.0014038949624209916
24.8167163,0.001412716919906099
24.833382999999998,0.001421363802932855
24.8500497,0.0014298356115012628
24.866716399999998,0.0014381323456113192
24.8833831,0.0014462540052630282
24.900049799999998,0.001454200590456385
24.9167165,0.0014619721011913938
24.933383199999998,0.0014695685374680517
24.9500499,0.0014769402766689065
24.966716599999998,0.0014838175330413434
24.9833833,0.0014904621163762037
25.000049999999998,0.0014968740266734849
25.0167167,0.0015030532639331885
25.033383399999998,0.0015089998281553124
25.0500501,0.001514713719339859
25.0667168,0.0015201949374868266
25.0833835,0.001525443482596217
25.1000502,0.0015304593546680272
25.1167169,0.0015352425537022607
25.1333836,0.0015397930796989142
25.1500503,0.0015439722016997149
25.166717,0.0015478073212545275
25.1833837,0.001551373466351979
25.2000504,0.00155467063699207
25.2167171,0.0015576988331748004
25.2333838,0.001560458054900169
25.2500505,0.001562948302168178
25.2667172,0.0015651695749788253
25.2833839,0.0015671218733321116
25.3000506,0.0015688051972280372
25.3167173,0.0015702195466666027
25.333384,0.0015713581057533999
25.3500507,0.001572167052245049
25.3667174,0.0015726964348592378
25.3833841,0.0015729462535959689
25.4000508,0.0015729165084552386
25.4167175,0.0015726071994370504
25.4333842,0.0015720183265414012
25.4500509,0.0015711498897682929
25.4667176,0.0015700018891177253
25.4833843,0.001568574324589698
25.500051,0.0015668671961842115
25.5167177,0.0015648805039012645
25.5333844,0.001562678121493827
25.5500511,0.0015602543409327658
25.5667178,0.0015575688087169463
25.5833845,0.001554621524846368
25.6000512,0.001551412489321032
25.616717899999998,0.0015479417021409387
25.6333846,0.0015442091633060858
25.650051299999998,0.0015402148728164752
25.666718,0.0015359588306721064
25.683384699999998,0.0015314410368729792
25.7000514,0.001526661491419094
25.716718099999998,0.0015216388820001277
25.7333848,0.0015166128999502487
25.750051499999998,0.0015113689162997992
25.7667182,0.0015059069310487743
25.783384899999998,0.0015002269441971785
25.8000516,0.0014943289557450082
25.816718299999998,0.001488212965692266
25.833385,0.0014818789740389496
25.850051699999998,0.0014753269807850618
25.8667184,0.0014685569859306006
25.883385099999998,0.0014615689894755667
25.9000518,0.0014543629914199583
25.916718499999998,0.0014471354219151953
25.9333852,0.0014398927971942443
25.9500519,0.0014324907782143402
25.9667186,0.0014249293649754814
25.9833853,0.001417208557477671
26.000052,0.001409328355720905
26.0167187,0.0014012887597051873
26.0333854,0.001393089769430514
26.0500521,0.001384731384896889
26.0667188,0.0013762136061043094
26.0833855,0.0013675364330527778
26.1000522,0.0013587134248958966
26.1167189,0.0013501201202115996
26.1333856,0.0013414313762201702
26.1500523,0.0013326471929216114
26.166719,0.001323767570315919
26.1833857,0.0013147925084030971
26.2000524,0.0013057220071831417
26.2167191,0.001296556066656057
26.2333858,0.0012872946868218397
26.2500525,0.0012779378676804922
26.2667192,0.001268485609232011
26.2833859,0.0012589379114764008
26.3000526,0.0012494868580430825
26.3167193,0.0012401657136068228
26.333386,0.0012308107212027632
26.3500527,0.0012214218808309074
26.3667194,0.0012119991924912504
26.3833861,0.0012025426561837968
26.4000528,0.0011930522719085432
26.4167195,0.0011835280396654923
26.4333862,0.001173969959454641
26.4500529,0.0011643780312759933
26.466719599999998,0.001154752255129547
26.4833863,0.0011450926310153002
26.500052999999998,0.001135723422507498
26.5167197,0.0011263722795723998
26.533386399999998,0.001117039111228314
26.5500531,0.0011077239174752365
26.566719799999998,0.0010984266983131723
26.5833865,0.001089147453742116
26.600053199999998,0.0010798861837620726
26.6167199,0.001070642888373038
26.633386599999998,0.001061417567575016
26.6500533,0.0010522102213680025
26.666719999999998,0.0010430208497520018
26.6833867,0.001033956620090655
26.700053399999998,0.0010250533990661275
26.7167201,0.0010162052720521157
26.733386799999998,0.0010074122390486228
26.7500535,9.986743000556457E-4
26.766720199999998,9.899914550731876E-4
26.7833869,9.81363704101245E-4
26.8000536,9.727910471398219E-4
26.8167203,9.642734841889135E-4
26.833387,9.558110152485251E-4
26.8500537,9.474036403186516E-4
26.8667204,9.390513593992973E-4
26.8833871,9.308765988629348E-4
26.9000538,9.227816742700248E-4
26.9167205,9.147622216198028E-4
26.9333872,9.068182409122724E-4
26.9500539,8.989497321474302E-4
26.9667206,8.911566953252788E-4
26.9833873,8.834391304458156E-4
27.000054,8.757970375090444E-4
27.0167207,8.682304165149608E-4
27.0333874,8.607392674635687E-4
27.0500541,8.533235903548647E-4
27.0667208,8.460010377199408E-4
27.0833875,8.387808426776932E-4
27.1000542,8.316427636517041E-4
27.1167209,8.245868006419701E-4
27.1333876,8.176129536484946E-4
27.1500543,8.107212226712746E-4
27.166721,8.039116077103129E-4
27.1833877,7.971841087656063E-4
27.2000544,7.905387258371581E-4
27.2167211,7.839754589249655E-4
27.2333878,7.774943080290308E-4
27.2500545,7.710952731493517E-4
27.2667212,7.647461783650822E-4
27.2833879,7.584712380646143E-4
27.3000546,7.522728274531024E-4
27.316721299999998,7.461509465305454E-4
27.333388,7.401055952969412E-4
27.350054699999998,7.341367737522933E-4
27.3667214,7.282444818965989E-4
27.383388099999998,7.224287197298598E-4
27.4000548,7.166894872520745E-4
27.416721499999998,7.110267844632448E-4
27.4333882,7.054406113633686E-4
27.450054899999998,6.998982037371745E-4
27.4667216,6.943751323248739E-4
27.483388299999998,6.889150964986918E-4
27.500055,6.835180962586249E-4
27.516721699999998,6.781841316046762E-4
27.5333884,6.729132025368432E-4
27.550055099999998,6.677053090551279E-4
27.5667218,6.625604511595289E-4
27.583388499999998,6.574786288500473E-4
27.6000552,6.524598421266813E-4
27.616721899999998,6.475040909894337E-4
27.6333886,6.426113754383014E-4
27.6500553,6.377185568599796E-4
27.666722,6.328700509050743E-4
27.6833887,6.280731280725916E-4
27.7000554,6.233277883625295E-4
27.7167221,6.186340317748895E-4
27.7333888,6.139918583096708E-4
27.7500555,6.094012679668736E-4
27.7667222,6.048622607464976E-4
27.7833889,6.003748366485439E-4
27.8000556,5.959389956730105E-4
27.8167223,5.915547378198994E-4
27.833389,5.87189374737558E-4
27.8500557,5.828098058395825E-4
27.8667224,5.784669655328893E-4
27.8833891,5.741608538174813E-4
27.9000558,5.698914706933559E-4
27.9167225,5.656588161605156E-4
27.9333892,5.614628902189581E-4
27.9500559,5.573036928686855E-4
27.9667226,5.531812241096956E-4
27.9833893,5.490954839419904E-4
28.000056,5.450464723655683E-4
28.0167227,5.410341893804308E-4
28.0333894,5.370013749870769E-4
28.0500561,5.329852547315356E-4
28.0667228,5.289949932799934E-4
28.0833895,5.250305906324521E-4
28.1000562,5.210920467889105E-4
28.1167229,5.171793617493695E-4
28.1333896,5.132925355138282E-4
28.1500563,5.094315680822876E-4
28.166722999999998,5.055964594547472E-4
28.1833897,5.017872096312061E-4
28.200056399999998,4.980038186116662E-4
28.2167231,4.942380697171354E-4
28.233389799999998,4.904789619444648E-4
28.2500565,4.867415514903256E-4
28.266723199999998,4.8302583835471973E-4
28.2833899,4.793318225376453E-4
28.300056599999998,4.756595040391041E-4
28.3167233,4.720088828590946E-4
28.333389999999998,4.6837995899761797E-4
28.3500567,4.647727324546732E-4
28.366723399999998,4.611872032302618E-4
28.3833901,4.576233713243818E-4
28.400056799999998,4.5408123673703504E-4
28.4167235,4.505472837147352E-4
28.433390199999998,4.4702951275955226E-4
28.4500569,4.4353074882674093E-4
28.466723599999998,4.4005099191630267E-4
28.4833903,4.3659024202823615E-4
28.500056999999998,4.331484991625428E-4
28.5167237,4.2972576331922114E-4
28.5333904,4.263220344982728E-4
28.5500571,4.229373126996959E-4
28.5667238,4.195715979234926E-4
28.5833905,4.162248901696605E-4
28.6000572,4.1289512933741934E-4
28.6167239,4.095787173261398E-4
28.6333906,4.0628013494908345E-4
28.6500573,4.029993822062489E-4
28.666724,3.9973645909763755E-4
28.6833907,3.9649136562324843E-4
28.7000574,3.9326410178308223E-4
28.7167241,3.9005466757713764E-4
28.7333908,3.868630630054164E-4
28.7500575,3.836892880679171E-4
28.7667242,3.80533342764641E-4
28.7833909,3.773952270955868E-4
28.8000576,3.742973536449404E-4
28.8167243,3.7122788301234447E-4
28.833391,3.6818092952719465E-4
28.8500577,3.651564931894901E-4
28.8667244,3.621545739992319E-4
28.8833911,3.591751719564188E-4
28.9000578,3.562182870610518E-4
28.9167245,3.5328391931313026E-4
28.9333912,3.503720687126548E-4
28.9500579,3.474827352596245E-4
28.9667246,3.446159189540404E-4
28.9833913,3.417835688295269E-4
29.000058,3.3901281637246976E-4
29.016724699999997,3.362724095499157E-4
29.0333914,3.335623483618643E-4
29.050058099999998,3.3088263280831677E-4
29.0667248,3.282332628892718E-4
29.083391499999998,3.256142386047307E-4
29.1000582,3.230255599546924E-4
29.116724899999998,3.2046722693915763E-4
29.1333916,3.179392395581256E-4
29.150058299999998,3.1544159781159744E-4
29.166725,3.129743016995719E-4
29.183391699999998,3.1056521630153035E-4
29.2000584,3.082015734345419E-4
29.216725099999998,3.0587441367648844E-4
29.2333918,3.035837370273688E-4
29.250058499999998,3.013295434871841E-4
29.2667252,2.991118330559334E-4
29.283391899999998,2.969306057336177E-4
29.3000586,2.9478586152023573E-4
29.316725299999998,2.926776004157888E-4
29.333392,2.9060582242027586E-4
29.350058699999998,2.885705275336978E-4
29.3667254,2.86579369649739E-4
29.3833921,2.846550738242721E-4
29.4000588,2.827731290663403E-4
29.4167255,2.809335353759445E-4
29.4333922,2.791362927530839E-4
29.4500589,2.7738140119775974E-4
29.4667256,2.756688607099704E-4
29.4833923,2.73998671289717E-4
29.500059,2.723708329369991E-4
29.5167257,2.70785345651817E-4
29.5333924,2.692422094341702E-4
29.5500591,2.6774142428405943E-4
29.5667258,2.6630277805388694E-4
29.5833925,2.649187347662244E-4
29.6000592,2.635816440091096E-4
29.6167259,2.622915057825432E-4
29.6333926,2.610483200865246E-4
29.6500593,2.5985208692105437E-4
29.666726,2.5870280628613197E-4
29.6833927,2.576004781817574E-4
29.7000594,2.5654510260793095E-4
29.7167261,2.5553667956465287E-4
29.7333928,2.545752090519226E-4
29.7500595,2.536586284852426E-4
29.7667262,2.527787977206746E-4
29.7833929,2.5194401624815813E-4
29.8000596,2.511542840676927E-4
29.8167263,2.504096011792791E-4
29.833393,2.4970996758291644E-4
29.8500597,2.490553832786055E-4
29.866726399999997,2.484458482663456E-4
29.8833931,2.4788136254613713E-4
29.900059799999998,2.4736192611798013E-4
29.9167265,2.4688753898187426E-4
29.933393199999998,2.4645820113781996E-4
29.9500599,2.4605100142859824E-4
29.966726599999998,2.4567269630617163E-4
29.9833933,2.4533379996441776E-4
30.000059999999998,2.4503431240333664E-4
30.0167267,2.4477423362292836E-4
30.033393399999998,2.445535636231927E-4
30.0500601,2.443723024041299E-4
30.066726799999998,2.4423044996573986E-4
30.0833935,2.441280063080226E-4
30.100060199999998,2.4406497143097817E-4
30.1167269,2.4404134533460628E-4
30.133393599999998,2.4404916232279567E-4
30.1500603,2.440453116135599E-4
30.166726999999998,2.4407165506200516E-4
30.1833937,2.441281926681314E-4
30.200060399999998,2.4421492443193885E-4
30.2167271,2.443318503534272E-4
30.233393799999998,2.444789704325967E-4
30.2500605,2.4465628466944725E-4
30.2667272,2.44863793063979E-4
30.2833939,2.4510149561619165E-4
30.3000606,2.453693923260855E-4
30.3167273,2.4566748319366025E-4
30.333394,2.459545387962022E-4
30.3500607,2.462387589607974E-4
30.3667274,2.465423938331113E-4
30.3833941,2.46865443413144E-4
30.4000608,2.472079077008954E-4
30.4167275,2.4756978669636577E-4
30.4333942,2.4795108039955485E-4
30.4500609,2.483517888104628E-4
30.4667276,2.487719119290894E-4
30.4833943,2.4921144975543493E-4
30.500061,2.496704022894991E-4
30.5167277,2.5014110515944956E-4
30.5333944,2.505633726051745E-4
30.5500611,2.509932008729785E-4
30.5667278,2.514305899628615E-4
30.5833945,2.518755398748233E-4
30.6000612,2.5232805060886434E-4
30.6167279,2.5278812216498434E-4
30.6333946,2.532557545431833E-4
30.6500613,2.5373094774346126E-4
30.666728,2.542137017658184E-4
30.6833947,2.5470401661025415E-4
30.7000614,2.5520189227676944E-4
30.7167281,2.5567239350837424E-4
30.7333948,2.561186961679964E-4
30.750061499999997,2.5656282596521886E-4
30.7667282,2.570047829000412E-4
30.783394899999998,2.5744456697246367E-4
30.8000616,2.578821781824865E-4
30.816728299999998,2.5831761653010934E-4
30.833395,2.5875088201533216E-4
30.850061699999998,2.591819746381554E-4
30.8667284,2.596108943985785E-4
30.883395099999998,2.6003764129660183E-4
30.9000618,2.604596338593086E-4
30.916728499999998,2.6084401686704496E-4
30.9333952,2.612202242479762E-4
30.950061899999998,2.6158825600210194E-4
30.9667286,2.619481121294228E-4
30.983395299999998,2.6229979262993794E-4
31.000062,2.626432975036484E-4
31.016728699999998,2.629786267505533E-4
31.0333954,2.6330578037065305E-4
31.050062099999998,2.636247583639476E-4
31.0667288,2.639355607304367E-4
31.083395499999998,2.642381874701206E-4
31.1000622,2.6451927156200835E-4
31.1167289,2.6477839303532707E-4
31.1333956,2.650253544004394E-4
31.1500623,2.6526015565734543E-4
31.166729,2.6548279680604523E-4
31.1833957,2.656932778465385E-4
31.2000624,2.6589159877882533E-4
31.2167291,2.6607775960290605E-4
31.2333958,2.662517603187802E-4
31.2500625,2.6641360092644815E-4
31.2667292,2.6656328142590985E-4
31.2833959,2.667007813175741E-4
31.3000626,2.6682554095599755E-4
31.3167293,2.669380450919331E-4
31.333396,2.670382937253807E-4
31.3500627,2.671262868563407E-4
31.3667294,2.6720202448481264E-4
31.3833961,2.672655066107969E-4
31.4000628,2.67316733234293E-4
31.4167295,2.673557043553013E-4
31.4333962,2.673824199738219E-4
31.4500629,2.673968800898546E-4
31.4667296,2.673990847033994E-4
31.4833963,2.6739688432120685E-4
31.500063,2.673916226693775E-4
31.5167297,2.673766202515615E-4
31.5333964,2.6735187706775873E-4
31.5500631,2.6731739311796883E-4
31.5667298,2.672731684021925E-4
31.5833965,2.672192029204291E-4
31.600063199999997,2.67155496672679E-4
31.6167299,2.67082049658942E-4
31.633396599999998,2.6699886187921823E-4
31.6500633,2.6690593333350744E-4
31.666729999999998,2.6680326904455907E-4
31.6833967,2.6671922771843217E-4
31.700063399999998,2.66629977779408E-4
31.7167301,2.66535519227486E-4
31.733396799999998,2.6643585206266693E-4
31.7500635,2.6633097628495E-4
31.766730199999998,2.662208918943357E-4
31.7833969,2.661055988908242E-4
31.800063599999998,2.659850972744151E-4
31.8167303,2.658593870451082E-4
31.833396999999998,2.657284682029045E-4
31.8500637,2.655923407478027E-4
31.866730399999998,2.654631310641287E-4
31.8833971,2.6534486928739823E-4
31.900063799999998,2.652255945877187E-4
31.9167305,2.651053069650898E-4
31.933397199999998,2.6498400641951163E-4
31.9500639,2.64861692950984E-4
31.966730599999998,2.6473836655950745E-4
31.9833973,2.646140272450815E-4
32.000064,2.6448867500770604E-4
32.0167307,2.6436230984738145E-4
32.0333974,2.6423493176410784E-4
32.0500641,2.641065407578845E-4
32.0667308,2.639997654095352E-4
32.0833975,2.6389653703887264E-4
32.1000642,2.6379606018953403E-4
32.1167309,2.636983348615191E-4
32.1333976,2.636033610548285E-4
32.1500643,2.635111387694619E-4
32.166731,2.634216680054191E-4
32.1833977,2.633349487627005E-4
32.2000644,2.632509810413056E-4
32.2167311,2.631697648412348E-4
32.2333978,2.6309130016248804E-4
32.2500645,2.6302144270688965E-4
32.2667312,2.629632392470092E-4
32.2833979,2.6290998872604204E-4
32.3000646,2.6286169114398815E-4
32.3167313,2.6281834650084755E-4
32.333398,2.627799547966204E-4
32.3500647,2.627465160313063E-4
32.3667314,2.627180302049056E-4
32.3833981,2.6269449731741826E-4
32.4000648,2.626759173688443E-4
32.4167315,2.626622903591835E-4
32.4333982,2.6265361628843593E-4
32.4500649,2.6265907037345977E-4
32.466731599999996,2.626717418804844E-4
32.4833983,2.6269095839269034E-4
32.500065,2.627167199100778E-4
32.5167317,2.627490264326468E-4
32.533398399999996,2.6278787796039726E-4
32.5500651,2.628332744933293E-4
32.5667318,2.628852160314428E-4
32.5833985,2.6294370257473783E-4
32.600065199999996,2.6300873412321427E-4
32.6167319,2.63080310676872E-4
32.6333986,2.6316075649943636E-4
32.6500653,2.632517970064097E-4
32.666731999999996,2.633503385705267E-4
32.6833987,2.6345638119178714E-4
32.7000654,2.6356992487019135E-4
32.7167321,2.6369096960573865E-4
32.733398799999996,2.6381951539842965E-4
32.7500655,2.639555622482642E-4
32.7667322,2.6409911015524236E-4
32.7833989,2.64250159119364E-4
32.800065599999996,2.6440870914062897E-4
32.8167323,2.6457476021903763E-4
32.833399,2.647539470372186E-4
32.8500657,2.6494230193663146E-4
32.8667324,2.651391793335033E-4
32.8833991,2.6534457922783365E-4
32.9000658,2.6555850161962306E-4
32.9167325,2.65780946508871E-4
32.9333992,2.660119138955776E-4
32.9500659,2.662514037797431E-4
32.9667326,2.6649941616136726E-4
32.9833993,2.667559510404502E-4
33.000066,2.670210084169918E-4
33.0167327,2.672990398256E-4
33.0333994,2.675945353937151E-4
33.0500661,2.67900573567025E-4
33.0667328,2.6821715434552915E-4
33.0833995,2.685442777292281E-4
33.1000662,2.688819437181213E-4
33.1167329,2.692301523122096E-4
33.1333996,2.6958890351149204E-4
33.1500663,2.6995819731596917E-4
33.166733,2.703380337256408E-4
33.1833997,2.7072841274050695E-4
33.2000664,2.711293343605676E-4
33.2167331,2.715556347075454E-4
33.2333998,2.719976575149891E-4
33.2500665,2.724530375435561E-4
33.2667332,2.729217747932457E-4
33.2833999,2.734038692640586E-4
33.3000666,2.738993209559944E-4
33.316733299999996,2.744081298690533E-4
33.3334,2.7493029600323554E-4
33.3500667,2.7546581935854045E-4
33.3667334,2.760146999349687E-4
33.383400099999996,2.765769377325196E-4
33.4000668,2.771613553018392E-4
33.4167335,2.777797219117188E-4
33.4334002,2.784159072368483E-4
33.450066899999996,2.790699112772277E-4
33.4667336,2.797417340328575E-4
33.4834003,2.804313755037376E-4
33.500067,2.811388356898676E-4
33.516733699999996,2.818641145912476E-4
33.5334004,2.826072122078779E-4
33.5500671,2.833681285397583E-4
33.5667338,2.841468635868887E-4
33.583400499999996,2.849434173492692E-4
33.6000672,2.857841996447899E-4
33.6167339,2.86653555901257E-4
33.6334006,2.875459843002255E-4
33.650067299999996,2.8846148484169484E-4
33.666734,2.8940005752566624E-4
33.6834007,2.903617023521391E-4
33.7000674,2.91346419321113E-4
33.7167341,2.9235420843258834E-4
33.7334008,2.9338506968656534E-4
33.7500675,2.944390030830437E-4
33.7667342,2.955160086220235E-4
33.7834009,2.9662696113919257E-4
33.8000676,2.977907873309425E-4
33.8167343,2.9898389016970347E-4
33.833401,3.0020626965547624E-4
33.8500677,3.014579257882598E-4
33.8667344,3.0273885856805507E-4
33.8834011,3.0404906799486183E-4
33.9000678,3.0538855406868023E-4
33.9167345,3.0675731678950896E-4
33.9334012,3.0815535615735015E-4
33.9500679,3.095826721722025E-4
33.9667346,3.110392648340662E-4
33.9834013,3.125567246165028E-4
34.000068,3.141183356130109E-4
34.0167347,3.1571582580408684E-4
34.0334014,3.173491951897308E-4
34.0500681,3.1901844376994154E-4
34.0667348,3.2072357154472087E-4
34.0834015,3.2246457851406777E-4
34.1000682,3.242414646779826E-4
34.1167349,3.260542300364647E-4
34.1334016,3.279028745895153E-4
34.1500683,3.2978739833713336E-4
34.166734999999996,3.3171736162864845E-4
34.1834017,3.337143954091355E-4
34.2000684,3.3575355965149187E-4
34.2167351,3.3783485435571754E-4
34.233401799999996,3.399582795218112E-4
34.2500685,3.421238351497754E-4
34.2667352,3.4433152123960884E-4
34.2834019,3.4658133779131125E-4
34.300068599999996,3.488732848048828E-4
34.3167353,3.512073622803237E-4
34.333402,3.5358357021763443E-4
34.3500687,3.560019086168141E-4
34.366735399999996,3.584885396243128E-4
34.3834021,3.6103144953211536E-4
34.4000688,3.636222481939476E-4
34.4167355,3.6626093560980906E-4
34.433402199999996,3.689475117796989E-4
34.4500689,3.716819767036191E-4
34.4667356,3.7446433038156854E-4
34.4834023,3.7729457281354754E-4
34.500068999999996,3.8017270399955447E-4
34.5167357,3.83098723939592E-4
34.5334024,3.8607263263365884E-4
34.5500691,3.890997883136818E-4
34.5667358,3.921960414799841E-4
34.5834025,3.9534428201280655E-4
34.6000692,3.9854450991214763E-4
34.6167359,4.017967251780074E-4
34.6334026,4.051009278103843E-4
34.6500693,4.084571178092815E-4
34.666736,4.118652951746973E-4
34.6834027,4.1532545990663174E-4
34.7000694,4.188376120050835E-4
34.7167361,4.224017514700555E-4
34.7334028,4.2601787830154607E-4
34.7500695,4.2969530029855855E-4
34.7667362,4.3343046251258417E-4
34.7834029,4.372197749103068E-4
34.8000696,4.4106323749172404E-4
34.8167363,4.4496085025683683E-4
34.833403,4.489126132056429E-4
34.8500697,4.529185263381459E-4
34.8667364,4.5697858965434404E-4
34.8834031,4.6109280315423737E-4
34.9000698,4.652611668378241E-4
34.9167365,4.6948368070510765E-4
34.9334032,4.7375968793329494E-4
34.9500699,4.7808660664676187E-4
34.9667366,4.824670711130431E-4
34.9834033,4.869010813321425E-4
35.00007,4.913886373040586E-4
35.016736699999996,4.959297390287886E-4
35.0334034,5.005243865063373E-4
35.0500701,5.051725797367022E-4
35.0667368,5.098743187198828E-4
35.083403499999996,5.146296034558786E-4
35.1000702,5.194384339446925E-4
35.1167369,5.243008101863222E-4
35.1334036,5.291998165138709E-4
35.150070299999996,5.341404619260235E-4
35.166737,5.391304918866279E-4
35.1834037,5.441699063956834E-4
35.2000704,5.492587054531884E-4
35.216737099999996,5.543968890591412E-4
35.2334038,5.595844572135468E-4
35.2500705,5.648214099164021E-4
35.2667372,5.701077471677078E-4
35.283403899999996,5.75443468967461E-4
35.3000706,5.808285753156667E-4
35.3167373,5.862561532372029E-4
35.333404,5.916889589089658E-4
35.350070699999996,5.971631793652734E-4
35.3667374,6.026788146061309E-4
35.3834041,6.082358646315355E-4
35.4000708,6.138343294414868E-4
35.416737499999996,6.194742090359831E-4
35.4334042,6.251555034150292E-4
35.4500709,6.308782125786215E-4
35.4667376,6.366423365267616E-4
35.4834043,6.424478752594459E-4
35.500071,6.482948287766803E-4
35.5167377,6.541357028090075E-4
35.5334044,6.599800079836462E-4
35.5500711,6.65853320852264E-4
35.5667378,6.717556414148639E-4
35.5834045,6.776869696714444E-4
35.6000712,6.836473056220058E-4
35.6167379,6.896366492665446E-4
35.6334046,6.956550006050668E-4
35.6500713,7.01702359637569E-4
35.666738,7.077787263640522E-4
35.6834047,7.138841007845135E-4
35.7000714,7.200077335503903E-4
35.7167381,7.260656814203132E-4
35.7334048,7.321360865328505E-4
35.7500715,7.382189488879986E-4
35.7667382,7.44314268485763E-4
35.7834049,7.504220453261412E-4
35.8000716,7.565422794091335E-4
35.8167383,7.626749707347375E-4
35.833405,7.688201193029575E-4
35.8500717,7.749777251137914E-4
35.866738399999996,7.811477881672369E-4
35.8834051,7.873303084632989E-4
35.9000718,7.934522693160718E-4
35.9167385,7.99520420927137E-4
35.933405199999996,8.055807037122782E-4
35.9500719,8.116331176715024E-4
35.9667386,8.176776628048059E-4
35.9834053,8.237143391121898E-4
36.000071999999996,8.297431465936502E-4
36.0167387,8.357640852491927E-4
36.0334054,8.417771550788151E-4
36.0500721,8.477823560825171E-4
36.066738799999996,8.537796882602962E-4
36.0834055,8.597590876129427E-4
36.1000722,8.655934479967102E-4
36.1167389,8.71396694285637E-4
36.133405599999996,8.771688264797218E-4
36.1500723,8.829098445789681E-4
36.166739,8.886197485833742E-4
36.1834057,8.942985384929402E-4
36.200072399999996,8.999462143076633E-4
36.2167391,9.055627760275491E-4
36.2334058,9.111482236525939E-4
36.2500725,9.167025571827979E-4
36.266739199999996,9.222257766181601E-4
36.2834059,9.276352809325113E-4
36.3000726,9.329286196256828E-4
36.3167393,9.38166245291114E-4
36.333406,9.433481579288033E-4
36.3500727,9.48474357538755E-4
36.3667394,9.535448441209673E-4
36.3834061,9.585596176754391E-4
36.4000728,9.635186782021688E-4
36.4167395,9.68422025701162E-4
36.4334062,9.73269660172415E-4
36.4500729,9.780615816159278E-4
36.4667396,9.827924705806232E-4
36.4834063,9.873191552131138E-4
36.500073,9.917657005478434E-4
36.5167397,9.961321065848113E-4
36.5334064,0.0010004183733240168
36.5500731,0.0010046245007654631
36.5667398,0.0010087504889091476
36.5834065,0.001012796337755072
36.6000732,0.0010167620473032336
36.6167399,0.0010206476175536351
36.6334066,0.0010244530485062765
36.6500733,0.0010281783401611567
36.66674,0.0010317547547509986
36.6834067,0.0010351706649890454
36.7000734,0.0010384844393011065
36.716740099999996,0.0010416960776871808
36.7334068,0.0010448055801472729
36.7500735,0.0010478129466813778
36.7667402,0.0010507181772895003
36.783406899999996,0.0010535212719716349
36.8000736,0.0010562222307277864
36.8167403,0.0010588210535579516
36.833407,0.0010613177404621332
36.850073699999996,0.0010637122204074118
36.8667404,0.0010658926971304748
36.8834071,0.0010679531562332151
36.9000738,0.001069893597715634
36.916740499999996,0.0010717140215777312
36.9334072,0.0010734144278195066
36.9500739,0.0010749948164409623
36.9667406,0.0010764551874420953
36.983407299999996,0.0010777955408229065
37.000074,0.0010790158765833972
37.0167407,0.0010801161947235664
37.0334074,0.0010810964952434135
37.050074099999996,0.0010819208754542205
37.0667408,0.0010825774869519778
37.0834075,0.0010831016719396497
37.1000742,0.001083493430417234
37.116740899999996,0.0010837527623847316
37.1334076,0.0010838796678421419
37.1500743,0.0010838741467894667
37.166741,0.0010837361992267042
37.1834077,0.0010834658251538548
37.2000744,0.0010830630245709184
37.2167411,0.0010825277974778958
37.2334078,0.0010818601438747854
37.2500745,0.0010810288365072352
37.2667412,0.001080058828277144
37.2834079,0.001078951201522472
37.3000746,0.0010777059562432209
37.3167413,0.0010763230924393896
37.333408,0.0010748026101109786
37.3500747,0.0010731445092579874
37.3667414,0.0010713487898804162
37.3834081,0.001069415451978266
37.4000748,0.0010673444955515358
37.4167415,0.0010651359206002252
37.4334082,0.001062799228224509
37.4500749,0.0010603393359622452
37.4667416,0.0010577453929215786
37.4834083,0.001055017399102511
37.500075,0.0010521553545050394
37.5167417,0.0010491592591291682
37.5334084,0.001046029112974893
37.5500751,0.0010427649160422154
37.566741799999996,0.001039366668331138
37.5834085,0.0010358343698416567
37.6000752,0.001032168020573773
37.6167419,0.0010283676205274867
37.633408599999996,0.0010244992949832706
37.6500753,0.0010205131968338203
37.666742,0.001016404515224253
37.6834087,0.0010121732501545695
37.700075399999996,0.0010078194016247685
37.7167421,0.0010033429696348504
37.7334088,9.98743954184814E-4
37.7500755,9.94022355274661E-4
37.766742199999996,9.891781729043925E-4
37.7834089,9.842114070740047E-4
37.8000756,9.791220577835E-4
37.8167423,9.739541005464777E-4
37.833408999999996,9.68740037600381E-4
37.8500757,9.634214570902669E-4
37.8667424,9.579983590161384E-4
37.8834091,9.524707433779944E-4
37.900075799999996,9.468386101758378E-4
37.9167425,9.411019594096643E-4
37.9334092,9.352607910794756E-4
37.9500759,9.293151051852711E-4
37.966742599999996,9.232649017270555E-4
37.9834093,9.171101807048218E-4
38.000076,9.10850942118573E-4
38.0167427,9.046165173324848E-4
38.0334094,8.98315749006351E-4
38.0500761,8.919338939196802E-4
38.0667428,8.85470952072475E-4
38.0834095,8.789269234647354E-4
38.1000762,8.723018080964645E-4
38.1167429,8.655956059676564E-4
38.1334096,8.588083170783142E-4
38.1500763,8.519399414284383E-4
38.166743,8.449904790180301E-4
38.1834097,8.379599298470855E-4
38.2000764,8.309073836026028E-4
38.2167431,8.238922099743544E-4
38.2334098,8.168227274599588E-4
38.2500765,8.096989360594113E-4
38.2667432,8.025208357727135E-4
38.2834099,7.952884265998664E-4
38.3000766,7.880017085408727E-4
38.3167433,7.806606815957261E-4
38.33341,7.732653457644291E-4
38.3500767,7.658157010469837E-4
38.3667434,7.583117474433912E-4
38.3834101,7.507534849536455E-4
38.4000768,7.432881118767484E-4
38.416743499999995,7.358197125329593E-4
38.4334102,7.283249124332648E-4
38.4500769,7.208037115776673E-4
38.4667436,7.132561099661665E-4
38.483410299999996,7.056821075987657E-4
38.500077,6.980817044754585E-4
38.5167437,6.904549005962484E-4
38.5334104,6.828016959611349E-4
38.550077099999996,6.751220905701218E-4
38.5667438,6.674160844232021E-4
38.5834105,6.59736544471936E-4
38.6000772,6.521537387653275E-4
38.616743899999996,6.445712258016762E-4
38.6334106,6.369890055809749E-4
38.6500773,6.294070781032259E-4
38.666744,6.218254433684315E-4
38.683410699999996,6.142441013765927E-4
38.7000774,6.066630521277039E-4
38.7167441,5.990822956217684E-4
38.7334108,5.91501831858787E-4
38.750077499999996,5.839216608387618E-4
38.7667442,5.763417825616863E-4
38.7834109,5.6888010908057E-4
38.8000776,5.614666511574193E-4
38.816744299999996,5.54076925737505E-4
38.833411,5.467109328208203E-4
38.8500777,5.393686724073685E-4
38.8667444,5.320501444971499E-4
38.8834111,5.247553490901667E-4
38.9000778,5.174842861864133E-4
38.9167445,5.102369557858929E-4
38.9334112,5.030133578886055E-4
38.9500779,4.958134924945539E-4
38.9667446,4.886700848727035E-4
38.9834113,4.81639889788809E-4
39.000078,4.7465206618434397E-4
39.0167447,4.6770661405931156E-4
39.0334114,4.608035334137054E-4
39.0500781,4.539428242475289E-4
39.0667448,4.4712448656078187E-4
39.0834115,4.4034852035346704E-4
39.1000782,4.33614925625579E-4
39.1167449,4.2692370237712034E-4
39.1334116,4.202748506080912E-4
39.1500783,4.1366837031849436E-4
39.166745,4.0716653947640787E-4
39.1834117,4.0073634834395574E-4
39.2000784,3.9436153622116646E-4
39.2167451,3.880421031080423E-4
39.2334118,3.8177804900457827E-4
39.2500785,3.755693739107765E-4
39.266745199999995,3.6941607782664E-4
39.2834119,3.6331816075216354E-4
39.3000786,3.572756226873496E-4
39.3167453,3.51288463632198E-4
39.333411999999996,3.4535668358671214E-4
39.3500787,3.3949139617237787E-4
39.3667454,3.33717657790853E-4
39.3834121,3.280065511364002E-4
39.400078799999996,3.2235807620902186E-4
39.4167455,3.1677223300871285E-4
39.4334122,3.112490215354758E-4
39.4500789,3.057884417893113E-4
39.466745599999996,3.003904937702206E-4
39.4834123,2.950551774782E-4
39.500079,2.897824929132512E-4
39.5167457,2.845724400753742E-4
39.533412399999996,2.794250189645717E-4
39.5500791,2.7434859824840865E-4
39.5667458,2.6933932676608354E-4
39.5834125,2.6439452764614606E-4
39.600079199999996,2.595142008885971E-4
39.6167459,2.546983464934331E-4
39.6334126,2.499469644606565E-4
39.6500793,2.4526005479026653E-4
39.666745999999996,2.4063761748226566E-4
39.6834127,2.360796525366497E-4
39.7000794,2.3158615995342097E-4
39.7167461,2.2715713973257902E-4
39.733412799999996,2.2278930519614845E-4
39.7500795,2.184729695782431E-4
39.7667462,2.1421859798847573E-4
39.7834129,2.1002619042684642E-4
39.8000796,2.0589574689335664E-4
39.8167463,2.018272673880032E-4
39.833413,1.9782075191078762E-4
39.8500797,1.9387620046171006E-4
39.8667464,1.8999361304077202E-4
39.8834131,1.8617298964797034E-4
39.9000798,1.8241433028330666E-4
39.9167465,1.7871763494678095E-4
39.9334132,1.7505925003002853E-4
39.9500799,1.7144823544140486E-4
39.9667466,1.6789369268560537E-4
39.9834133,1.6439562176263025E-4
